{
	"credit": "Made by zeldahuman with Blockbench - https://blockbench.net",
	"textures": {
		"0": "wynn/economy/meals/generic_plate",
		"1": "wynn/economy/meals/generic_meat"
	},
	"elements": [
		{
			"from": [10.5, 2, 10],
			"to": [13.5, 4, 13],
			"faces": {
				"north": {"uv": [5.5, 8.5, 7, 9.5], "texture": "#1"},
				"east": {"uv": [5.5, 10, 7, 11], "texture": "#1"},
				"south": {"uv": [4, 9.5, 5.5, 10.5], "texture": "#1"},
				"west": {"uv": [4, 10, 5.5, 11], "texture": "#1"},
				"up": {"uv": [5.5, 8, 7, 9.5], "texture": "#1"}
			}
		},
		{
			"from": [2, 0, -1],
			"to": [14, 2, 17],
			"faces": {
				"north": {"uv": [8, 10, 14, 11], "texture": "#0"},
				"east": {"uv": [6.5, 10, 15.5, 11], "texture": "#0"},
				"south": {"uv": [8, 10, 14, 11], "texture": "#0"},
				"west": {"uv": [6.5, 10, 15.5, 11], "texture": "#0"},
				"up": {"uv": [8, 0.5, 14, 9.5], "texture": "#0"},
				"down": {"uv": [8, 0.5, 14, 9.5], "texture": "#0"}
			}
		},
		{
			"from": [4, 0, -2],
			"to": [12, 2, 18],
			"faces": {
				"north": {"uv": [9, 10, 13, 11], "texture": "#0"},
				"east": {"uv": [6, 10, 16, 11], "texture": "#0"},
				"south": {"uv": [9, 10, 13, 11], "texture": "#0"},
				"west": {"uv": [6, 10, 16, 11], "texture": "#0"},
				"up": {"uv": [9, 0, 13, 10], "texture": "#0"},
				"down": {"uv": [9, 0, 13, 10], "texture": "#0"}
			}
		},
		{
			"from": [0, 0, 0],
			"to": [16, 2, 16],
			"faces": {
				"north": {"uv": [7, 10, 15, 11], "texture": "#0"},
				"east": {"uv": [7, 10, 15, 11], "texture": "#0"},
				"south": {"uv": [7, 10, 15, 11], "texture": "#0"},
				"west": {"uv": [7, 10, 15, 11], "texture": "#0"},
				"up": {"uv": [7, 1, 15, 9], "texture": "#0"},
				"down": {"uv": [7, 1, 15, 9], "texture": "#0"}
			}
		},
		{
			"from": [-1, 0, 2],
			"to": [17, 2, 14],
			"faces": {
				"north": {"uv": [6.5, 10, 15.5, 11], "texture": "#0"},
				"east": {"uv": [8, 10, 14, 11], "texture": "#0"},
				"south": {"uv": [6.5, 10, 15.5, 11], "texture": "#0"},
				"west": {"uv": [8, 10, 14, 11], "texture": "#0"},
				"up": {"uv": [6.5, 2, 15.5, 8], "texture": "#0"},
				"down": {"uv": [6.5, 2, 15.5, 8], "texture": "#0"}
			}
		},
		{
			"from": [-2, 0, 4],
			"to": [18, 2, 12],
			"faces": {
				"north": {"uv": [6, 10, 16, 11], "texture": "#0"},
				"east": {"uv": [9, 10, 13, 11], "texture": "#0"},
				"south": {"uv": [6, 10, 16, 11], "texture": "#0"},
				"west": {"uv": [9, 10, 13, 11], "texture": "#0"},
				"up": {"uv": [6, 3, 16, 7], "texture": "#0"},
				"down": {"uv": [6, 3, 16, 7], "texture": "#0"}
			}
		},
		{
			"from": [13, 5, -6.5],
			"to": [17, 7, -4.5],
			"rotation": {"angle": -45, "axis": "y", "origin": [15, 5.9, 0.5]},
			"faces": {
				"north": {"uv": [8, 2.5, 10, 3.5], "texture": "#1"},
				"east": {"uv": [8, 2.5, 9, 3.5], "texture": "#1"},
				"south": {"uv": [8, 2.5, 10, 3.5], "texture": "#1"},
				"west": {"uv": [8, 2.5, 9, 3.5], "texture": "#1"},
				"up": {"uv": [8, 0, 10, 1], "texture": "#1"},
				"down": {"uv": [10, 1, 12, 0], "texture": "#1"}
			}
		},
		{
			"from": [14, 5, -4.5],
			"to": [16, 7, -1.5],
			"rotation": {"angle": -45, "axis": "y", "origin": [15, 5.9, 0.5]},
			"faces": {
				"east": {"uv": [11, 2.5, 12.5, 3.5], "texture": "#1"},
				"west": {"uv": [10, 2.5, 11.5, 3.5], "texture": "#1"},
				"up": {"uv": [8.5, 1, 9.5, 2.5], "texture": "#1"},
				"down": {"uv": [10.5, 1, 11.5, 2.5], "texture": "#1"}
			}
		},
		{
			"from": [12, 3, -1.5],
			"to": [18, 9, 1.5],
			"rotation": {"angle": -45, "axis": "y", "origin": [15, 5.9, 0.5]},
			"faces": {
				"north": {"uv": [8, 3.5, 11, 6.5], "texture": "#1"},
				"east": {"uv": [12.5, 3.5, 11, 6.5], "texture": "#1"},
				"west": {"uv": [11, 3.5, 12.5, 6.5], "texture": "#1"},
				"up": {"uv": [8, 6.5, 11, 8], "texture": "#1"},
				"down": {"uv": [8, 8, 11, 6.5], "texture": "#1"}
			}
		},
		{
			"from": [12, 2, 1.5],
			"to": [18, 10, 9.5],
			"rotation": {"angle": -45, "axis": "y", "origin": [15, 5.9, 0.5]},
			"faces": {
				"north": {"uv": [0.5, 0, 3.5, 4], "texture": "#1"},
				"east": {"uv": [4, 4, 0, 8], "texture": "#1"},
				"south": {"uv": [4.5, 4, 7.5, 8], "texture": "#1"},
				"west": {"uv": [0, 4, 4, 8], "texture": "#1"},
				"up": {"uv": [4.5, 0, 7.5, 4], "texture": "#1"}
			}
		},
		{
			"from": [11, 2, 1.5],
			"to": [19, 9, 9],
			"rotation": {"angle": -45, "axis": "y", "origin": [15, 5.9, 0.5]},
			"faces": {
				"north": {"uv": [0, 0.5, 4, 4], "texture": "#1"},
				"east": {"uv": [4, 4.5, 0, 8], "texture": "#1"},
				"south": {"uv": [4, 4.5, 8, 8], "texture": "#1"},
				"west": {"uv": [0, 4.5, 4, 8], "texture": "#1"},
				"up": {"uv": [4, 0, 8, 4], "texture": "#1"}
			}
		},
		{
			"from": [4.5, 3, 10.5],
			"to": [8.5, 7, 16.5],
			"rotation": {"angle": 45, "axis": "y", "origin": [5.83333, 3.33333, 16.16667]},
			"faces": {
				"north": {"uv": [0, 12, 2, 14], "texture": "#1"},
				"east": {"uv": [1, 8, 4, 10], "texture": "#1"},
				"south": {"uv": [2, 12, 4, 14], "texture": "#1"},
				"west": {"uv": [0, 11, 3, 13], "texture": "#1"},
				"up": {"uv": [0, 8, 2, 11], "texture": "#1"}
			}
		},
		{
			"from": [4, 2, 18.5],
			"to": [8, 3, 22.5],
			"rotation": {"angle": 22.5, "axis": "y", "origin": [6, 2.5, 16.5]},
			"faces": {
				"east": {"uv": [2, 15, 4, 15.5], "texture": "#0"},
				"south": {"uv": [7.5, 14.5, 9.5, 15], "texture": "#0"},
				"west": {"uv": [5, 15, 7, 15.5], "texture": "#0"},
				"up": {"uv": [7.5, 11, 9.5, 13], "texture": "#0"},
				"down": {"uv": [7.5, 11, 9.5, 13], "texture": "#0"}
			}
		},
		{
			"from": [1, 2, 6.5],
			"to": [11, 3, 18.5],
			"rotation": {"angle": 22.5, "axis": "y", "origin": [6, 2.5, 16.5]},
			"faces": {
				"north": {"uv": [0, 15, 5, 15.5], "texture": "#0"},
				"east": {"uv": [0, 14, 6, 14.5], "texture": "#0"},
				"south": {"uv": [4.5, 14.5, 9.5, 15], "texture": "#0"},
				"west": {"uv": [0, 14.5, 6, 15], "texture": "#0"},
				"up": {"uv": [0, 9.5, 6, 14.5], "rotation": 90, "texture": "#0"},
				"down": {"uv": [0, 9.5, 6, 14.5], "rotation": 90, "texture": "#0"}
			}
		},
		{
			"from": [2, 8, 8],
			"to": [5, 10, 11],
			"rotation": {"angle": 22.5, "axis": "z", "origin": [3.5, -4, 9.5]},
			"faces": {
				"north": {"uv": [4, 12, 5.5, 13], "texture": "#1"},
				"east": {"uv": [4, 12, 5.5, 13], "texture": "#1"},
				"south": {"uv": [4, 12, 5.5, 13], "texture": "#1"},
				"west": {"uv": [4, 12, 5.5, 13], "texture": "#1"},
				"up": {"uv": [5.5, 12.5, 7, 14], "texture": "#1"},
				"down": {"uv": [5.5, 12.5, 7, 14], "texture": "#1"}
			}
		},
		{
			"from": [1, 11, 8],
			"to": [4, 13, 11],
			"rotation": {"angle": 22.5, "axis": "z", "origin": [2.5, -1, 9.5]},
			"faces": {
				"north": {"uv": [4, 12, 5.5, 13], "texture": "#1"},
				"east": {"uv": [4, 12, 5.5, 13], "texture": "#1"},
				"south": {"uv": [4, 12, 5.5, 13], "texture": "#1"},
				"west": {"uv": [4, 12, 5.5, 13], "texture": "#1"},
				"up": {"uv": [5.5, 12.5, 7, 14], "texture": "#1"},
				"down": {"uv": [5.5, 12.5, 7, 14], "texture": "#1"}
			}
		},
		{
			"from": [-0.5, 14, 8],
			"to": [2.5, 16, 11],
			"rotation": {"angle": 22.5, "axis": "z", "origin": [1, 2, 9.5]},
			"faces": {
				"north": {"uv": [4, 12, 5.5, 13], "texture": "#1"},
				"east": {"uv": [4, 12, 5.5, 13], "texture": "#1"},
				"south": {"uv": [4, 12, 5.5, 13], "texture": "#1"},
				"west": {"uv": [4, 12, 5.5, 13], "texture": "#1"},
				"up": {"uv": [5.5, 12.5, 7, 14], "texture": "#1"},
				"down": {"uv": [5.5, 12.5, 7, 14], "texture": "#1"}
			}
		},
		{
			"from": [0.5, 2, 9],
			"to": [1.5, 18, 10],
			"rotation": {"angle": 22.5, "axis": "z", "origin": [1, 2, 9.5]},
			"faces": {
				"north": {"uv": [0, 0, 0.5, 8], "texture": "#0"},
				"east": {"uv": [1, 0, 1.5, 8], "texture": "#0"},
				"south": {"uv": [0.5, 0, 1, 8], "texture": "#0"},
				"west": {"uv": [1, 0, 1.5, 8], "texture": "#0"},
				"up": {"uv": [0, 0, 0.5, 0.5], "texture": "#0"}
			}
		},
		{
			"from": [4, 7, 4.5],
			"to": [7, 9, 7.5],
			"rotation": {"angle": 22.5, "axis": "z", "origin": [5.5, -5, 6]},
			"faces": {
				"north": {"uv": [4, 11, 5.5, 12], "texture": "#1"},
				"east": {"uv": [4, 11, 5.5, 12], "texture": "#1"},
				"south": {"uv": [4, 11, 5.5, 12], "texture": "#1"},
				"west": {"uv": [4, 11, 5.5, 12], "texture": "#1"},
				"up": {"uv": [5.5, 11, 7, 12.5], "texture": "#1"},
				"down": {"uv": [5.5, 11, 7, 12.5], "texture": "#1"}
			}
		},
		{
			"from": [2.5, 10, 4.5],
			"to": [5.5, 12, 7.5],
			"rotation": {"angle": 22.5, "axis": "z", "origin": [4, -2, 6]},
			"faces": {
				"north": {"uv": [4, 11, 5.5, 12], "texture": "#1"},
				"east": {"uv": [4, 11, 5.5, 12], "texture": "#1"},
				"south": {"uv": [4, 11, 5.5, 12], "texture": "#1"},
				"west": {"uv": [4, 11, 5.5, 12], "texture": "#1"},
				"up": {"uv": [5.5, 11, 7, 12.5], "texture": "#1"},
				"down": {"uv": [5.5, 11, 7, 12.5], "texture": "#1"}
			}
		},
		{
			"from": [1.5, 13, 4.5],
			"to": [4.5, 15, 7.5],
			"rotation": {"angle": 22.5, "axis": "z", "origin": [3, 1, 6]},
			"faces": {
				"north": {"uv": [4, 11, 5.5, 12], "texture": "#1"},
				"east": {"uv": [4, 11, 5.5, 12], "texture": "#1"},
				"south": {"uv": [4, 11, 5.5, 12], "texture": "#1"},
				"west": {"uv": [4, 11, 5.5, 12], "texture": "#1"},
				"up": {"uv": [5.5, 11, 7, 12.5], "texture": "#1"},
				"down": {"uv": [5.5, 11, 7, 12.5], "texture": "#1"}
			}
		},
		{
			"from": [2.5, 1, 5.5],
			"to": [3.5, 17, 6.5],
			"rotation": {"angle": 22.5, "axis": "z", "origin": [3, 1, 6]},
			"faces": {
				"north": {"uv": [0.5, 0, 1, 8], "texture": "#0"},
				"east": {"uv": [0, 0, 0.5, 8], "texture": "#0"},
				"south": {"uv": [1, 0, 1.5, 8], "texture": "#0"},
				"west": {"uv": [1, 0, 1.5, 8], "texture": "#0"},
				"up": {"uv": [0.5, 0, 1, 0.5], "texture": "#0"}
			}
		}
	],
	"display": {
		"thirdperson_righthand": {
			"rotation": [90, 0, 0],
			"translation": [-6, -2, 10],
			"scale": [0.75, 0.75, 0.75]
		},
		"thirdperson_lefthand": {
			"rotation": [45, 90, 0],
			"translation": [-2, 4.5, 1],
			"scale": [0.4, 0.4, 0.4]
		},
		"firstperson_righthand": {
			"rotation": [0, -90, 0],
			"translation": [2.5, 3, -2],
			"scale": [0.8, 0.8, 0.8]
		},
		"firstperson_lefthand": {
			"rotation": [0, -90, 0],
			"translation": [2.5, 3, -2],
			"scale": [0.8, 0.8, 0.8]
		},
		"ground": {
			"translation": [0, 1, 0],
			"scale": [0.5, 0.5, 0.5]
		},
		"gui": {
			"rotation": [30, 0, 0],
			"scale": [0.6, 0.6, 0.6]
		},
		"head": {
			"translation": [0, -16, 0],
			"scale": [0.9, 0.9, 0.9]
		},
		"fixed": {
			"rotation": [0, -90, 0],
			"translation": [0, 0, -4.5],
			"scale": [0.65, 0.65, 0.65]
		}
	},
	"groups": [0,
		{
			"name": "plate",
			"origin": [8, 8, 8],
			"children": [1, 2, 3, 4, 5]
		},
		{
			"name": "meat",
			"origin": [8, 8, 8],
			"children": [6, 7, 8, 9, 10]
		},
		{
			"name": "cutting board",
			"origin": [8, 8, 8],
			"children": [11, 12, 13]
		},
		{
			"name": "skewer",
			"origin": [8, 8, 8],
			"children": [14, 15, 16, 17]
		},
		{
			"name": "skewer",
			"origin": [8, 8, 8],
			"children": [18, 19, 20, 21]
		}
	]
}