{
	"credit": "Made by Kiocifer with Blockbench - https://blockbench.net",
	"textures": {
		"0": "wynn/weapons/archer/earth_tier_all_0",
		"2": "wynn/weapons/archer/earth_tier_all_1",
		"particle": "wynn/weapons/archer/earth_tier_all_1"
	},
	"elements": [
		{
			"from": [5.85, 1.25, -0.15],
			"to": [7.65, 3.05, 2.65],
			"rotation": {"angle": 0, "axis": "y", "origin": [7, 1.15, 1.25]},
			"faces": {
				"north": {"uv": [1.5, 0.5, 3, 2], "rotation": 90, "texture": "#2"},
				"east": {"uv": [1, 0.5, 3, 2], "rotation": 180, "texture": "#2"},
				"south": {"uv": [1.5, 0.5, 3, 2], "rotation": 90, "texture": "#2"},
				"west": {"uv": [1, 0.5, 3, 2], "texture": "#2"},
				"up": {"uv": [1, 0.5, 3, 2], "rotation": 90, "texture": "#2"},
				"down": {"uv": [1, 0.5, 3, 2], "rotation": 90, "texture": "#2"}
			}
		},
		{
			"from": [6.7, 1.3, -0.71482],
			"to": [9.1, 2.7, 0.68518],
			"rotation": {"angle": 0, "axis": "y", "origin": [6.74302, 2.26485, -1.75785]},
			"faces": {
				"north": {"uv": [13, 1.5, 15.5, 3.5], "texture": "#2"},
				"east": {"uv": [13, 1.5, 15.5, 3.5], "texture": "#2"},
				"south": {"uv": [13, 1.5, 15.5, 3.5], "texture": "#2"},
				"west": {"uv": [13, 1.5, 15.5, 3.5], "texture": "#2"},
				"up": {"uv": [13, 0, 15.5, 2], "rotation": 180, "texture": "#2"},
				"down": {"uv": [13, 1.5, 15.5, 3.5], "texture": "#2"}
			}
		},
		{
			"from": [6.36768, 1, 1.80254],
			"to": [7.16768, 2.8, 5.60254],
			"rotation": {"angle": 22.5, "axis": "y", "origin": [6.50518, 2, 4.20254]},
			"faces": {
				"north": {"uv": [13.5, 0.5, 15.3, 1.3], "rotation": 270, "texture": "#2"},
				"east": {"uv": [13, 0, 15, 4], "rotation": 90, "texture": "#2"},
				"south": {"uv": [13, 0, 15, 4], "rotation": 270, "texture": "#2"},
				"west": {"uv": [13, 0, 15, 4], "rotation": 270, "texture": "#2"},
				"up": {"uv": [14.5, 0, 15.5, 4], "texture": "#2"},
				"down": {"uv": [14, 1, 15, 5], "rotation": 180, "texture": "#2"}
			}
		},
		{
			"from": [8.83232, 1, 1.80254],
			"to": [9.63232, 2.8, 5.60254],
			"rotation": {"angle": -22.5, "axis": "y", "origin": [9.49482, 2, 4.20254]},
			"faces": {
				"north": {"uv": [13.5, 1.3, 15.3, 0.5], "rotation": 270, "texture": "#2"},
				"east": {"uv": [13, 4, 15, 0], "rotation": 270, "texture": "#2"},
				"south": {"uv": [13, 4, 15, 0], "rotation": 270, "texture": "#2"},
				"west": {"uv": [13, 4, 15, 0], "rotation": 90, "texture": "#2"},
				"up": {"uv": [15.5, 0, 14.5, 4], "texture": "#2"},
				"down": {"uv": [15, 1, 14, 5], "rotation": 180, "texture": "#2"}
			}
		},
		{
			"from": [6.8622, 1.01169, 5.25156],
			"to": [7.6422, 2.79169, 8.03156],
			"rotation": {"angle": 0, "axis": "y", "origin": [7.25877, 1.90632, 3.6353]},
			"faces": {
				"north": {"uv": [13.5, 0, 15.5, 3], "rotation": 90, "texture": "#2"},
				"east": {"uv": [13.5, 0, 15.5, 3], "rotation": 270, "texture": "#2"},
				"south": {"uv": [14, 0, 15, 3], "texture": "#2"},
				"west": {"uv": [13.5, 0, 15.5, 3], "rotation": 90, "texture": "#2"},
				"up": {"uv": [13.5, 0, 14.5, 3], "rotation": 180, "texture": "#2"},
				"down": {"uv": [14.5, 0.5, 15.5, 3.5], "rotation": 180, "texture": "#2"}
			}
		},
		{
			"from": [8.3578, 1.01169, 5.25156],
			"to": [9.1378, 2.79169, 8.03156],
			"rotation": {"angle": 0, "axis": "y", "origin": [8.74123, 1.90632, 3.6353]},
			"faces": {
				"north": {"uv": [13.5, 3, 15.5, 0], "rotation": 90, "texture": "#2"},
				"east": {"uv": [13.5, 3, 15.5, 0], "rotation": 90, "texture": "#2"},
				"south": {"uv": [15, 0, 14, 3], "texture": "#2"},
				"west": {"uv": [13.5, 3, 15.5, 0], "rotation": 270, "texture": "#2"},
				"up": {"uv": [14.5, 0, 13.5, 3], "rotation": 180, "texture": "#2"},
				"down": {"uv": [15.5, 0.5, 14.5, 3.5], "rotation": 180, "texture": "#2"}
			}
		},
		{
			"from": [6.95182, 1.00207, 8.02156],
			"to": [7.55182, 2.60207, 10.62156],
			"rotation": {"angle": 0, "axis": "y", "origin": [7.25839, 2.0067, 6.4153]},
			"faces": {
				"north": {"uv": [0, 0, 2, 4], "texture": "#0"},
				"east": {"uv": [4, 5, 10, 9], "texture": "#0"},
				"south": {"uv": [0, 0, 2, 4], "texture": "#0"},
				"west": {"uv": [2, 2, 5, 4], "texture": "#0"},
				"up": {"uv": [0, 0, 1, 3], "rotation": 180, "texture": "#0"},
				"down": {"uv": [0, 0, 2, 6], "rotation": 180, "texture": "#0"}
			}
		},
		{
			"from": [8.45182, 1.00207, 8.02156],
			"to": [9.05182, 2.60207, 10.62156],
			"rotation": {"angle": 0, "axis": "y", "origin": [7.25839, 2.0067, 6.4153]},
			"faces": {
				"north": {"uv": [0, 0, 2, 4], "texture": "#0"},
				"east": {"uv": [10, 1, 13, 3], "texture": "#0"},
				"south": {"uv": [0, 0, 2, 4], "texture": "#0"},
				"west": {"uv": [2, 2, 8, 6], "texture": "#0"},
				"up": {"uv": [0, 0, 1, 3], "rotation": 180, "texture": "#0"},
				"down": {"uv": [0, 0, 2, 6], "rotation": 180, "texture": "#0"}
			}
		},
		{
			"from": [8.76738, 0.89193, 3.61109],
			"to": [9.76738, 2.89193, 4.61109],
			"rotation": {"angle": -22.5, "axis": "y", "origin": [9.26738, 1.89193, 4.11109]},
			"faces": {
				"north": {"uv": [9, 10, 10, 12], "texture": "#2"},
				"east": {"uv": [9, 10, 10, 12], "texture": "#2"},
				"south": {"uv": [9, 10, 10, 12], "texture": "#2"},
				"west": {"uv": [9, 10, 10, 12], "texture": "#2"},
				"up": {"uv": [9, 10, 10, 11], "texture": "#2"},
				"down": {"uv": [9, 10, 10, 12], "texture": "#2"}
			}
		},
		{
			"from": [6.26768, 0.9, 3.70254],
			"to": [7.26768, 2.9, 4.70254],
			"rotation": {"angle": 22.5, "axis": "y", "origin": [6.50518, 2, 4.20254]},
			"faces": {
				"north": {"uv": [11, 9.5, 12, 11.5], "rotation": 180, "texture": "#2"},
				"east": {"uv": [11, 9.5, 12, 11.5], "rotation": 180, "texture": "#2"},
				"south": {"uv": [11, 9.5, 12, 11.5], "rotation": 180, "texture": "#2"},
				"west": {"uv": [11, 9.5, 12, 11.5], "rotation": 180, "texture": "#2"},
				"up": {"uv": [9.5, 10, 10.5, 11], "rotation": 180, "texture": "#2"},
				"down": {"uv": [11, 9.5, 12, 11.5], "rotation": 180, "texture": "#2"}
			}
		},
		{
			"from": [5.31419, 1.35, 0.735],
			"to": [10.71419, 2.95, 2.335],
			"rotation": {"angle": 0, "axis": "y", "origin": [5.89752, 2.85, 1.535]},
			"faces": {
				"north": {"uv": [4, 5, 10, 9], "texture": "#0"},
				"east": {"uv": [0, 0, 2, 3.2], "texture": "#0"},
				"south": {"uv": [9, 0, 15, 4], "texture": "#0"},
				"west": {"uv": [0, 0, 4, 4], "texture": "#0"},
				"up": {"uv": [0, 0, 5.8, 2], "rotation": 180, "texture": "#0"},
				"down": {"uv": [0, 0, 6, 4], "rotation": 180, "texture": "#0"}
			}
		},
		{
			"from": [12.01085, 1.46, 0.40841],
			"to": [14.39085, 2.84, 1.38841],
			"rotation": {"angle": -22.5, "axis": "y", "origin": [13.20085, 2.15, 1.09841]},
			"faces": {
				"north": {"uv": [8, 7, 13, 10], "texture": "#0"},
				"east": {"uv": [4, 3, 8, 3.98], "rotation": 180, "texture": "#0"},
				"south": {"uv": [0, 11, 5, 14], "rotation": 180, "texture": "#0"},
				"west": {"uv": [4, 3, 8, 3.98], "rotation": 180, "texture": "#0"},
				"up": {"uv": [7, 4, 12, 6], "texture": "#0"},
				"down": {"uv": [1, 5, 6, 6.979], "rotation": 180, "texture": "#0"}
			}
		},
		{
			"from": [1.60915, 1.46, 0.40841],
			"to": [3.98915, 2.84, 1.38841],
			"rotation": {"angle": 22.5, "axis": "y", "origin": [2.79915, 2.15, 1.09841]},
			"faces": {
				"north": {"uv": [13, 7, 8, 10], "texture": "#0"},
				"east": {"uv": [8, 3, 4, 3.98], "rotation": 180, "texture": "#0"},
				"south": {"uv": [5, 11, 0, 14], "rotation": 180, "texture": "#0"},
				"west": {"uv": [8, 3, 4, 3.98], "rotation": 180, "texture": "#0"},
				"up": {"uv": [12, 4, 7, 6], "texture": "#0"},
				"down": {"uv": [6, 5, 1, 6.979], "rotation": 180, "texture": "#0"}
			}
		},
		{
			"from": [10.31929, 1.45, 0.39841],
			"to": [12.71929, 2.85, 1.79841],
			"rotation": {"angle": 22.5, "axis": "y", "origin": [11.51929, 2.15, 1.09841]},
			"faces": {
				"north": {"uv": [8, 8, 13, 11], "texture": "#0"},
				"east": {"uv": [7, 4, 13, 7], "rotation": 180, "texture": "#0"},
				"south": {"uv": [1, 9, 6, 12], "texture": "#0"},
				"west": {"uv": [7, 4, 13, 7], "rotation": 180, "texture": "#0"},
				"up": {"uv": [7, 4, 12, 7], "rotation": 180, "texture": "#0"},
				"down": {"uv": [0, 5, 5, 8], "rotation": 180, "texture": "#0"}
			}
		},
		{
			"from": [3.28071, 1.45, 0.39841],
			"to": [5.68071, 2.85, 1.79841],
			"rotation": {"angle": -22.5, "axis": "y", "origin": [4.48071, 2.15, 1.09841]},
			"faces": {
				"north": {"uv": [13, 8, 8, 11], "texture": "#0"},
				"east": {"uv": [13, 4, 7, 7], "rotation": 180, "texture": "#0"},
				"south": {"uv": [6, 9, 1, 12], "texture": "#0"},
				"west": {"uv": [13, 4, 7, 7], "rotation": 180, "texture": "#0"},
				"up": {"uv": [12, 4, 7, 7], "rotation": 180, "texture": "#0"},
				"down": {"uv": [5, 5, 0, 8], "rotation": 180, "texture": "#0"}
			}
		},
		{
			"from": [13.75929, 1.55, 1.00427],
			"to": [14.55929, 2.75, 3.20427],
			"rotation": {"angle": 0, "axis": "y", "origin": [14.15929, 2.15, 2.10427]},
			"faces": {
				"north": {"uv": [5, 3, 7, 4], "rotation": 270, "texture": "#0"},
				"east": {"uv": [11, 4, 16, 7], "rotation": 180, "texture": "#0"},
				"south": {"uv": [5, 3, 7, 4], "rotation": 270, "texture": "#0"},
				"west": {"uv": [9, 6, 14, 9], "texture": "#0"},
				"up": {"uv": [8, 3, 13, 5], "rotation": 270, "texture": "#0"},
				"down": {"uv": [0, 7, 5, 9], "rotation": 270, "texture": "#0"}
			}
		},
		{
			"from": [1.44071, 1.55, 1.00427],
			"to": [2.24071, 2.75, 3.20427],
			"rotation": {"angle": 0, "axis": "y", "origin": [1.84071, 2.15, 2.10427]},
			"faces": {
				"north": {"uv": [5, 4, 7, 3], "rotation": 270, "texture": "#0"},
				"east": {"uv": [14, 6, 9, 9], "texture": "#0"},
				"south": {"uv": [5, 4, 7, 3], "rotation": 270, "texture": "#0"},
				"west": {"uv": [16, 4, 11, 7], "rotation": 180, "texture": "#0"},
				"up": {"uv": [8, 5, 13, 3], "rotation": 270, "texture": "#0"},
				"down": {"uv": [0, 9, 5, 7], "rotation": 270, "texture": "#0"}
			}
		},
		{
			"from": [13.84863, 1.57, 2.87567],
			"to": [16.00863, 2.73, 3.63567],
			"rotation": {"angle": -22.5, "axis": "y", "origin": [14.92863, 2.15, 3.25567]},
			"faces": {
				"north": {"uv": [10, 7, 15, 10], "texture": "#0"},
				"east": {"uv": [9, 7, 11, 10], "texture": "#0"},
				"south": {"uv": [10, 5, 5, 8], "rotation": 180, "texture": "#0"},
				"west": {"uv": [5, 5, 7, 6], "texture": "#0"},
				"up": {"uv": [7, 6, 12, 8], "texture": "#0"},
				"down": {"uv": [5, 5, 7, 6], "texture": "#0"}
			}
		},
		{
			"from": [-0.00863, 1.57, 2.87567],
			"to": [2.15137, 2.73, 3.63567],
			"rotation": {"angle": 22.5, "axis": "y", "origin": [1.07137, 2.15, 3.25567]},
			"faces": {
				"north": {"uv": [15, 7, 10, 10], "texture": "#0"},
				"east": {"uv": [7, 5, 5, 6], "texture": "#0"},
				"south": {"uv": [5, 5, 10, 8], "rotation": 180, "texture": "#0"},
				"west": {"uv": [11, 7, 9, 10], "texture": "#0"},
				"up": {"uv": [12, 6, 7, 8], "texture": "#0"},
				"down": {"uv": [7, 5, 5, 6], "texture": "#0"}
			}
		},
		{
			"from": [7, 1.2, 0.25],
			"to": [9, 2.5, 12.25],
			"rotation": {"angle": 0, "axis": "y", "origin": [8.25, 1.1, 1.75]},
			"faces": {
				"north": {"uv": [0, 0, 2, 1.3], "texture": "#0"},
				"east": {"uv": [0, 0, 13, 1.3], "texture": "#0"},
				"south": {"uv": [0, 0, 2, 1.3], "texture": "#0"},
				"west": {"uv": [0, 2, 13, 3.3], "texture": "#0"},
				"up": {"uv": [0, 0, 2, 16], "texture": "#0"},
				"down": {"uv": [0, 0, 2, 13], "texture": "#0"}
			}
		},
		{
			"from": [7.1, 2.39751, 10.24244],
			"to": [8.9, 3.99751, 12.04244],
			"rotation": {"angle": -22.5, "axis": "x", "origin": [8.01806, 2.78925, 12.23263]},
			"faces": {
				"north": {"uv": [4.5, 10.5, 6.5, 12.5], "rotation": 180, "texture": "#2"},
				"east": {"uv": [4.5, 10.5, 6.5, 12.5], "rotation": 180, "texture": "#2"},
				"south": {"uv": [1.5, 10.5, 3.5, 12.5], "rotation": 180, "texture": "#2"},
				"west": {"uv": [4.5, 10.5, 6.5, 12.5], "rotation": 180, "texture": "#2"},
				"up": {"uv": [2, 12, 4, 14], "rotation": 180, "texture": "#2"},
				"down": {"uv": [4.5, 10.5, 6.5, 12.5], "rotation": 180, "texture": "#2"}
			}
		},
		{
			"from": [11.85704, 1.61, -0.2],
			"to": [12.85704, 2.61, 0.8],
			"rotation": {"angle": 45, "axis": "y", "origin": [12.35704, 2.61, 0.3]},
			"faces": {
				"north": {"uv": [13, 5, 15.5, 7.5], "texture": "#2"},
				"east": {"uv": [13, 5, 15.5, 7.5], "rotation": 90, "texture": "#2"},
				"south": {"uv": [13, 5, 15.5, 7.5], "texture": "#2"},
				"west": {"uv": [13, 5, 15.5, 7.5], "texture": "#2"},
				"up": {"uv": [13, 5, 15.5, 7.5], "rotation": 90, "texture": "#2"},
				"down": {"uv": [13, 5, 15.5, 7.5], "texture": "#2"}
			}
		},
		{
			"from": [3.20704, 1.61, -0.2],
			"to": [4.20704, 2.61, 0.8],
			"rotation": {"angle": 45, "axis": "y", "origin": [3.70704, 2.61, 0.3]},
			"faces": {
				"north": {"uv": [13, 5, 15.5, 7.5], "texture": "#2"},
				"east": {"uv": [13, 5, 15.5, 7.5], "rotation": 90, "texture": "#2"},
				"south": {"uv": [13, 5, 15.5, 7.5], "texture": "#2"},
				"west": {"uv": [13, 5, 15.5, 7.5], "texture": "#2"},
				"up": {"uv": [13, 5, 15.5, 7.5], "rotation": 90, "texture": "#2"},
				"down": {"uv": [13, 5, 15.5, 7.5], "texture": "#2"}
			}
		},
		{
			"from": [8.24, 1.24, -0.31],
			"to": [10.26, 3.26, 2.71],
			"rotation": {"angle": 0, "axis": "y", "origin": [9, 1.25, 1.45]},
			"faces": {
				"north": {"uv": [0, 11.5, 2.5, 14], "rotation": 90, "texture": "#2"},
				"east": {"uv": [1.5, 13, 5.5, 15.5], "texture": "#2"},
				"south": {"uv": [1.5, 11.5, 4, 14], "rotation": 90, "texture": "#2"},
				"west": {"uv": [0, 11.5, 4, 14], "rotation": 180, "texture": "#2"},
				"up": {"uv": [0, 11.5, 4, 14], "rotation": 90, "texture": "#2"},
				"down": {"uv": [0, 11.5, 4, 14], "rotation": 90, "texture": "#2"}
			}
		},
		{
			"from": [5.74, 1.24, -0.31],
			"to": [7.76, 3.26, 2.71],
			"rotation": {"angle": 0, "axis": "y", "origin": [6.5, 1.25, 1.45]},
			"faces": {
				"north": {"uv": [2, 13, 4.5, 15.5], "rotation": 90, "texture": "#2"},
				"east": {"uv": [1.5, 13, 5.5, 15.5], "texture": "#2"},
				"south": {"uv": [2.5, 12, 5, 14.5], "rotation": 90, "texture": "#2"},
				"west": {"uv": [0, 11.5, 4, 14], "rotation": 180, "texture": "#2"},
				"up": {"uv": [2.5, 12.5, 6.5, 15], "rotation": 90, "texture": "#2"},
				"down": {"uv": [0, 11.5, 4, 14], "rotation": 90, "texture": "#2"}
			}
		},
		{
			"from": [8.35, 1.25, -0.15],
			"to": [10.15, 3.05, 2.65],
			"rotation": {"angle": 0, "axis": "y", "origin": [9, 1.15, 1.25]},
			"faces": {
				"north": {"uv": [1.5, 0.5, 3, 2], "rotation": 90, "texture": "#2"},
				"east": {"uv": [1, 0.5, 3, 2], "rotation": 180, "texture": "#2"},
				"south": {"uv": [1.5, 0.5, 3, 2], "rotation": 90, "texture": "#2"},
				"west": {"uv": [1, 0.5, 3, 2], "texture": "#2"},
				"up": {"uv": [1, 0.5, 3, 2], "rotation": 90, "texture": "#2"},
				"down": {"uv": [1, 0.5, 3, 2], "rotation": 90, "texture": "#2"}
			}
		},
		{
			"from": [6.99, 0.39, 9.89],
			"to": [9.01, 1.41, 10.91],
			"rotation": {"angle": -22.5, "axis": "x", "origin": [8.03377, 0.88021, 10.58598]},
			"faces": {
				"north": {"uv": [10, 10, 11, 11], "texture": "#2"},
				"east": {"uv": [10, 10, 11, 11], "texture": "#2"},
				"south": {"uv": [10, 10, 11, 11], "texture": "#2"},
				"west": {"uv": [10, 10, 11, 11], "texture": "#2"},
				"up": {"uv": [10, 10, 11, 11], "texture": "#2"},
				"down": {"uv": [10, 10, 11, 11], "texture": "#2"}
			}
		},
		{
			"from": [7.6, 0.66981, 7.90825],
			"to": [8.4, 2.06981, 8.30825],
			"rotation": {"angle": 22.5, "axis": "x", "origin": [8.01612, -0.62583, 6.89411]},
			"faces": {
				"north": {"uv": [10, 10, 11, 11], "texture": "#2"},
				"east": {"uv": [10, 10, 11, 11], "texture": "#2"},
				"south": {"uv": [10, 10, 11, 11], "texture": "#2"},
				"west": {"uv": [10, 10, 11, 11], "texture": "#2"},
				"up": {"uv": [10, 10, 11, 11], "texture": "#2"},
				"down": {"uv": [10, 10, 11, 11], "texture": "#2"}
			}
		},
		{
			"from": [7.5, 0.7, 10.05],
			"to": [8.5, 3.7, 11.05],
			"rotation": {"angle": -22.5, "axis": "x", "origin": [8.03377, 0.38021, 15.73598]},
			"faces": {
				"north": {"uv": [0, 0, 2, 4], "texture": "#0"},
				"east": {"uv": [0, 0, 2, 4], "texture": "#0"},
				"south": {"uv": [0, 0, 2, 4], "texture": "#0"},
				"west": {"uv": [0, 0, 2, 4], "texture": "#0"},
				"up": {"uv": [0, 0, 2, 2], "texture": "#0"},
				"down": {"uv": [0, 0, 2, 2], "texture": "#0"}
			}
		},
		{
			"from": [7.5, 3.36363, 9.28676],
			"to": [8.5, 3.56363, 11.28676],
			"rotation": {"angle": -22.5, "axis": "x", "origin": [8.0166, 2.67493, 11.28335]},
			"faces": {
				"north": {"uv": [7, 1, 8, 2.5], "rotation": 180, "texture": "#2"},
				"east": {"uv": [7, 1, 8, 2.5], "rotation": 90, "texture": "#2"},
				"south": {"uv": [7, 1, 8, 2.5], "rotation": 180, "texture": "#2"},
				"west": {"uv": [7, 1, 8, 2.5], "rotation": 90, "texture": "#2"},
				"up": {"uv": [7, 1, 8, 2.5], "rotation": 180, "texture": "#2"},
				"down": {"uv": [7, 1, 8, 2.5], "rotation": 180, "texture": "#2"}
			}
		},
		{
			"from": [5.08226, 2.45, 2],
			"to": [5.33226, 2.7, 12],
			"rotation": {"angle": 45, "axis": "y", "origin": [4.79591, 2.28817, 7.76018]},
			"faces": {
				"north": {"uv": [15.5, 9, 16, 16], "rotation": 90, "texture": "#2"},
				"east": {"uv": [15.5, 9, 16, 16], "rotation": 90, "texture": "#2"},
				"south": {"uv": [15.5, 9, 16, 16], "rotation": 90, "texture": "#2"},
				"west": {"uv": [15.5, 9, 16, 16], "rotation": 90, "texture": "#2"},
				"up": {"uv": [15.5, 9, 16, 16], "rotation": 90, "texture": "#2"},
				"down": {"uv": [15.5, 9, 16, 16], "rotation": 90, "texture": "#2"}
			}
		},
		{
			"from": [11.53559, 2.4, 2.4],
			"to": [11.78559, 2.65, 12.4],
			"rotation": {"angle": -45, "axis": "y", "origin": [12.24358, 2.4948, 6.91586]},
			"faces": {
				"north": {"uv": [15.5, 9, 16, 16], "rotation": 90, "texture": "#2"},
				"east": {"uv": [15.5, 9, 16, 16], "rotation": 90, "texture": "#2"},
				"south": {"uv": [15.5, 9, 16, 16], "rotation": 90, "texture": "#2"},
				"west": {"uv": [15.5, 9, 16, 16], "rotation": 90, "texture": "#2"},
				"up": {"uv": [15.5, 9, 16, 16], "rotation": 90, "texture": "#2"},
				"down": {"uv": [15.5, 9, 16, 16], "rotation": 90, "texture": "#2"}
			}
		}
	],
	"display": {
		"thirdperson_righthand": {
			"translation": [0, 7.75, 1.25],
			"scale": [1.31, 1.3, 1.3]
		},
		"thirdperson_lefthand": {
			"translation": [0, 8.75, 0.5],
			"scale": [1.3, 1.3, 1.3]
		},
		"firstperson_righthand": {
			"translation": [0.5, 8.5, 1.5]
		},
		"firstperson_lefthand": {
			"translation": [0.5, 8.5, 1.5]
		},
		"ground": {
			"rotation": [45, 45, 0],
			"translation": [1, 5.75, 4],
			"scale": [0.8, 0.8, 0.8]
		},
		"gui": {
			"rotation": [60, -30, 15],
			"translation": [-4.25, 2.25, 0],
			"scale": [1.2, 1.2, 1.2]
		},
		"head": {
			"translation": [0, 10.25, 0],
			"scale": [1.3, 1.3, 1.3]
		}
	}
}