{
	"credit": "Made by zeldahuman with Blockbench - https://blockbench.net",
	"ambientocclusion": false,
	"textures": {
		"3": "block_variants/candle_flame",
		"candle": "block_variants/candle_on",
		"holder": "block_variants/candle_on_wall",
		"particle": "block_variants/candle_base"
	},
	"elements": [
		{
			"name": "wick",
			"from": [5.5, 14, 7.5],
			"to": [6.5, 15, 8.5],
			"rotation": {"angle": 0, "axis": "y", "origin": [8, 9, 8]},
			"faces": {
				"north": {"uv": [8, 9, 9, 10], "texture": "#candle"},
				"east": {"uv": [8, 9, 9, 10], "texture": "#candle"},
				"south": {"uv": [8, 9, 9, 10], "texture": "#candle"},
				"west": {"uv": [8, 9, 9, 10], "texture": "#candle"},
				"up": {"uv": [8, 9, 9, 10], "texture": "#candle"}
			}
		},
		{
			"name": "candle",
			"from": [4, 8, 6],
			"to": [8, 14, 10],
			"rotation": {"angle": 0, "axis": "y", "origin": [8, 9, 8]},
			"faces": {
				"north": {"uv": [6, 10, 10, 16], "texture": "#candle"},
				"east": {"uv": [6, 10, 10, 16], "texture": "#candle"},
				"south": {"uv": [6, 10, 10, 16], "texture": "#candle"},
				"west": {"uv": [6, 10, 10, 16], "texture": "#candle"},
				"up": {"uv": [0, 12, 4, 16], "texture": "#candle"}
			}
		},
		{
			"name": "base",
			"from": [4, 7, 6],
			"to": [8, 8, 10],
			"rotation": {"angle": 0, "axis": "y", "origin": [8, 9, 8]},
			"faces": {
				"north": {"uv": [6, 13, 10, 14], "texture": "#holder"},
				"east": {"uv": [6, 13, 10, 14], "texture": "#holder"},
				"south": {"uv": [6, 13, 10, 14], "texture": "#holder"},
				"west": {"uv": [6, 13, 10, 14], "texture": "#holder"}
			}
		},
		{
			"name": "base",
			"from": [3, 6, 5],
			"to": [9, 7, 11],
			"rotation": {"angle": 0, "axis": "y", "origin": [8, 9, 8]},
			"faces": {
				"north": {"uv": [5, 14, 11, 15], "texture": "#holder"},
				"east": {"uv": [5, 14, 11, 15], "texture": "#holder"},
				"south": {"uv": [5, 14, 11, 15], "texture": "#holder"},
				"west": {"uv": [5, 14, 11, 15], "texture": "#holder"},
				"up": {"uv": [10, 0, 16, 6], "texture": "#holder"},
				"down": {"uv": [10, 0, 16, 6], "texture": "#holder"}
			}
		},
		{
			"name": "curl-top",
			"from": [4, 4, 7],
			"to": [8, 6, 9],
			"rotation": {"angle": 0, "axis": "y", "origin": [9, 9, 8]},
			"faces": {
				"north": {"uv": [9, 6, 13, 8], "texture": "#holder"},
				"east": {"uv": [9, 6, 10, 8], "texture": "#holder"},
				"south": {"uv": [13, 6, 9, 8], "texture": "#holder"},
				"west": {"uv": [13, 11, 15, 13], "texture": "#holder"},
				"down": {"uv": [9, 7, 13, 8], "rotation": 180, "texture": "#holder"}
			}
		},
		{
			"name": "curl-bottom",
			"from": [4, 1, 7],
			"to": [7, 4, 9],
			"rotation": {"angle": 0, "axis": "y", "origin": [9, 7, 8]},
			"faces": {
				"north": {"uv": [10, 8, 13, 11], "texture": "#holder"},
				"east": {"uv": [10, 8, 11, 11], "texture": "#holder"},
				"south": {"uv": [13, 8, 10, 11], "texture": "#holder"},
				"west": {"uv": [15, 11, 13, 14], "rotation": 180, "texture": "#holder"},
				"down": {"uv": [7, 13, 10, 15], "rotation": 180, "texture": "#holder"}
			}
		},
		{
			"name": "wall-arm",
			"from": [1, 3, 7],
			"to": [4, 5, 9],
			"rotation": {"angle": 0, "axis": "y", "origin": [8, 9, 8]},
			"faces": {
				"north": {"uv": [13, 8, 16, 10], "texture": "#holder"},
				"south": {"uv": [16, 8, 13, 10], "texture": "#holder"},
				"up": {"uv": [13, 8, 16, 10], "texture": "#holder"},
				"down": {"uv": [13, 8, 16, 10], "texture": "#holder"}
			}
		},
		{
			"name": "wall-mount",
			"from": [0, 2, 6],
			"to": [1, 6, 10],
			"rotation": {"angle": 0, "axis": "y", "origin": [8, 9, 8]},
			"faces": {
				"north": {"uv": [15, 11, 16, 15], "texture": "#holder"},
				"east": {"uv": [12, 11, 16, 15], "texture": "#holder"},
				"south": {"uv": [12, 11, 13, 15], "texture": "#holder"},
				"up": {"uv": [12, 11, 16, 12], "rotation": 270, "texture": "#holder"},
				"down": {"uv": [12, 15, 16, 16], "rotation": 90, "texture": "#holder"}
			}
		},
		{
			"name": "flame",
			"from": [3, 13, 8],
			"to": [9, 19, 8.1],
			"rotation": {"angle": -45, "axis": "y", "origin": [6, 16, 8]},
			"faces": {
				"north": {"uv": [0, 0, 16, 16], "texture": "#3"},
				"south": {"uv": [16, 0, 0, 16], "texture": "#3"}
			}
		},
		{
			"name": "flame",
			"from": [6, 13, 5],
			"to": [6.1, 19, 11],
			"rotation": {"angle": -45, "axis": "y", "origin": [6, 16, 8]},
			"faces": {
				"east": {"uv": [16, 0, 0, 16], "texture": "#3"},
				"west": {"uv": [0, 0, 16, 16], "texture": "#3"}
			}
		}
	]
}