{
    "variants": {
        "age=0": { "model": "block/wheat_stage0" },
        "age=1": [
		{ "model": "block/crop/green" },
		{ "model": "block/crop/green1" }
		],
        "age=2": { "model": "block/variants/wheat_corn" },
        "age=3": { "model": "block/wheat_stage3" },
        "age=4": { "model": "block/variants/wheat_0" },
        "age=5": { "model": "block/wheat_stage5" },
        "age=6": { "model": "block/variants/wheat_0" },
        "age=7": { "model": "block/wheat_stage7" }
    }
}
