{
	"credit": "Made by zeldahuman with Blockbench - https://blockbench.net",
	"ambientocclusion": false,
	"textures": {
		"3": "block_variants/cauldron_bottom",
		"4": "block_variants/cauldron_water",
		"particle": "block_variants/cauldron_inner",
		"top": "block_variants/cauldron_top",
		"side": "block_variants/cauldron_side",
		"inside": "block_variants/cauldron_inner"
	},
	"elements": [
		{
			"name": "base",
			"from": [2, 0, 2],
			"to": [14, 2, 14],
			"faces": {
				"up": {"uv": [2, 2, 14, 14], "texture": "#inside", "cullface": "up"},
				"down": {"uv": [2, 2, 14, 14], "texture": "#3"}
			}
		},
		{
			"name": "north",
			"from": [2, 0, 0],
			"to": [14, 16, 2],
			"faces": {
				"north": {"uv": [2, 0, 14, 16], "texture": "#side", "cullface": "north"},
				"south": {"uv": [2, 0, 14, 16], "texture": "#side", "cullface": "up"},
				"up": {"uv": [2, 0, 14, 2], "texture": "#top", "cullface": "up"},
				"down": {"uv": [2, 14, 14, 16], "texture": "#3"}
			}
		},
		{
			"name": "east",
			"from": [14, 0, 0],
			"to": [16, 16, 16],
			"faces": {
				"north": {"uv": [0, 0, 2, 16], "texture": "#side", "cullface": "north"},
				"east": {"uv": [0, 0, 16, 16], "texture": "#side", "cullface": "east"},
				"south": {"uv": [14, 0, 16, 16], "texture": "#side", "cullface": "south"},
				"west": {"uv": [0, 0, 16, 16], "texture": "#side", "cullface": "up"},
				"up": {"uv": [14, 0, 16, 16], "texture": "#top", "cullface": "up"},
				"down": {"uv": [14, 0, 16, 16], "texture": "#3"}
			}
		},
		{
			"name": "south",
			"from": [2, 0, 14],
			"to": [14, 16, 16],
			"faces": {
				"north": {"uv": [2, 0, 14, 16], "texture": "#side", "cullface": "up"},
				"south": {"uv": [2, 0, 14, 16], "texture": "#side", "cullface": "south"},
				"up": {"uv": [2, 14, 14, 16], "texture": "#top", "cullface": "up"},
				"down": {"uv": [2, 0, 14, 2], "texture": "#3"}
			}
		},
		{
			"name": "west",
			"from": [0, 0, 0],
			"to": [2, 16, 16],
			"faces": {
				"north": {"uv": [14, 0, 16, 16], "texture": "#side", "cullface": "north"},
				"east": {"uv": [0, 0, 16, 16], "texture": "#side", "cullface": "up"},
				"south": {"uv": [0, 0, 2, 16], "texture": "#side", "cullface": "south"},
				"west": {"uv": [0, 0, 16, 16], "texture": "#side", "cullface": "west"},
				"up": {"uv": [0, 0, 2, 16], "texture": "#top", "cullface": "up"},
				"down": {"uv": [0, 0, 2, 16], "texture": "#3"}
			}
		},
		{
			"name": "water",
			"from": [2, 14, 2],
			"to": [14, 14, 14],
			"rotation": {"angle": 0, "axis": "y", "origin": [10, 10, 10]},
			"faces": {
				"up": {"uv": [0, 0, 16, 16], "texture": "#4"}
			}
		}
	]
}