{
	"credit": "Made with Blockbench",
	"textures": {
		"texture": "wynn/weapons/archer/water_tier_all"
	},
	"elements": [
		{
			"from": [6.1875, 8.875, 7],
			"to": [7.1875, 12.25, 8],
			"rotation": {"angle": -22.5, "axis": "z", "origin": [6.1875, 12.25, 7]},
			"faces": {
				"north": {"uv": [3, 1, 7, 2], "rotation": 270, "texture": "#texture"},
				"east": {"uv": [3, 1, 7, 2], "rotation": 270, "texture": "#texture"},
				"south": {"uv": [3, 1, 7, 2], "rotation": 270, "texture": "#texture"},
				"west": {"uv": [3, 1, 7, 2], "rotation": 270, "texture": "#texture"},
				"up": {"uv": [3, 1, 7, 2], "rotation": 270, "texture": "#texture"},
				"down": {"uv": [3, 1, 7, 2], "rotation": 270, "texture": "#texture"}
			}
		},
		{
			"from": [6.1875, 2.25, 7],
			"to": [7.1875, 5.625, 8],
			"rotation": {"angle": 22.5, "axis": "z", "origin": [6.1875, 2.25, 7]},
			"faces": {
				"north": {"uv": [7, 1, 3, 2], "rotation": 270, "texture": "#texture"},
				"east": {"uv": [7, 1, 3, 2], "rotation": 270, "texture": "#texture"},
				"south": {"uv": [7, 1, 3, 2], "rotation": 270, "texture": "#texture"},
				"west": {"uv": [7, 1, 3, 2], "rotation": 270, "texture": "#texture"},
				"up": {"uv": [7, 1, 3, 2], "rotation": 270, "texture": "#texture"},
				"down": {"uv": [7, 1, 3, 2], "rotation": 270, "texture": "#texture"}
			}
		},
		{
			"from": [5.75, 10.625, 6.875],
			"to": [8.125, 12.125, 8.125],
			"rotation": {"angle": 45, "axis": "z", "origin": [5.75, 12.125, 6.875]},
			"faces": {
				"north": {"uv": [6, 1, 9, 3], "rotation": 180, "texture": "#texture"},
				"east": {"uv": [6, 1, 9, 3], "rotation": 180, "texture": "#texture"},
				"south": {"uv": [9, 1, 6, 3], "rotation": 180, "texture": "#texture"},
				"west": {"uv": [4, 1, 6, 3], "rotation": 180, "texture": "#texture"},
				"up": {"uv": [8, 1, 11, 3], "texture": "#texture"},
				"down": {"uv": [4, 1, 7, 3], "texture": "#texture"}
			}
		},
		{
			"from": [5.75, 2.375, 6.875],
			"to": [8.125, 3.875, 8.125],
			"rotation": {"angle": -45, "axis": "z", "origin": [5.75, 2.375, 6.875]},
			"faces": {
				"north": {"uv": [6, 3, 9, 1], "rotation": 180, "texture": "#texture"},
				"east": {"uv": [6, 3, 9, 1], "rotation": 180, "texture": "#texture"},
				"south": {"uv": [9, 3, 6, 1], "rotation": 180, "texture": "#texture"},
				"west": {"uv": [4, 3, 6, 1], "rotation": 180, "texture": "#texture"},
				"up": {"uv": [4, 3, 7, 1], "texture": "#texture"},
				"down": {"uv": [8, 3, 11, 1], "texture": "#texture"}
			}
		},
		{
			"from": [9, 13.25, 7.125],
			"to": [10.5, 14.25, 7.875],
			"faces": {
				"north": {"uv": [14, 1, 16, 3], "texture": "#texture"},
				"east": {"uv": [14, 1, 16, 3], "texture": "#texture"},
				"south": {"uv": [14, 1, 16, 3], "texture": "#texture"},
				"west": {"uv": [14, 1, 16, 3], "texture": "#texture"},
				"up": {"uv": [14, 1, 16, 3], "texture": "#texture"},
				"down": {"uv": [14, 1, 16, 3], "texture": "#texture"}
			}
		},
		{
			"from": [9, 0.25, 7.125],
			"to": [10.5, 1.25, 7.875],
			"rotation": {"angle": 0, "axis": "y", "origin": [8, 6.5, 8]},
			"faces": {
				"north": {"uv": [14, 3, 16, 1], "texture": "#texture"},
				"east": {"uv": [14, 3, 16, 1], "texture": "#texture"},
				"south": {"uv": [14, 3, 16, 1], "texture": "#texture"},
				"west": {"uv": [14, 3, 16, 1], "texture": "#texture"},
				"up": {"uv": [14, 3, 16, 1], "texture": "#texture"},
				"down": {"uv": [14, 3, 16, 1], "texture": "#texture"}
			}
		},
		{
			"from": [7.375, 12.375, 7],
			"to": [9.375, 13.625, 8],
			"rotation": {"angle": 22.5, "axis": "z", "origin": [7.375, 13.625, 7]},
			"faces": {
				"north": {"uv": [15, 1, 12, 3], "texture": "#texture"},
				"east": {"uv": [12, 1, 15, 3], "texture": "#texture"},
				"south": {"uv": [12, 1, 15, 3], "texture": "#texture"},
				"west": {"uv": [12, 1, 15, 3], "texture": "#texture"},
				"up": {"uv": [13, 1, 16, 3], "texture": "#texture"},
				"down": {"uv": [12, 2, 15, 4], "texture": "#texture"}
			}
		},
		{
			"from": [7.375, 0.875, 7],
			"to": [9.375, 2.125, 8],
			"rotation": {"angle": -22.5, "axis": "z", "origin": [7.375, 0.875, 7]},
			"faces": {
				"north": {"uv": [15, 3, 12, 1], "texture": "#texture"},
				"east": {"uv": [12, 3, 15, 1], "texture": "#texture"},
				"south": {"uv": [12, 3, 15, 1], "texture": "#texture"},
				"west": {"uv": [12, 3, 15, 1], "texture": "#texture"},
				"up": {"uv": [12, 4, 15, 2], "texture": "#texture"},
				"down": {"uv": [13, 3, 16, 1], "texture": "#texture"}
			}
		},
		{
			"from": [4.865, 5.365, 6.99],
			"to": [6.01, 9.135, 8.01],
			"faces": {
				"north": {"uv": [0, 1, 1, 5], "texture": "#texture"},
				"east": {"uv": [0, 1, 1, 5], "texture": "#texture"},
				"south": {"uv": [0, 1, 1, 5], "texture": "#texture"},
				"west": {"uv": [0, 1, 1, 5], "texture": "#texture"},
				"up": {"uv": [0, 1, 1, 5], "texture": "#texture"},
				"down": {"uv": [0, 1, 1, 5], "texture": "#texture"}
			}
		},
		{
			"from": [10.125, 1.25, 7.25],
			"to": [10.25, 13.75, 7.75],
			"faces": {
				"north": {"uv": [6.125, 12.625, 15.875, 13.375], "texture": "#texture"},
				"east": {"uv": [10.5, 13.25, 12, 14.75], "texture": "#texture"},
				"south": {"uv": [6.125, 12.625, 15.875, 13.375], "texture": "#texture"},
				"west": {"uv": [10.5, 13.25, 12, 14.75], "texture": "#texture"},
				"up": {"uv": [5.5, 13.75, 15.625, 14.25], "texture": "#texture"},
				"down": {"uv": [5.5, 13.75, 15.625, 14.25], "texture": "#texture"}
			}
		},
		{
			"from": [4.75, 9, 6.875],
			"to": [6.125, 9.375, 8.125],
			"faces": {
				"north": {"uv": [10, 12.375, 11.375, 12.75], "texture": "#texture"},
				"east": {"uv": [13.5, 13.375, 14.75, 13.75], "texture": "#texture"},
				"south": {"uv": [10, 12.375, 11.375, 12.75], "texture": "#texture"},
				"west": {"uv": [13.5, 13.375, 14.75, 13.75], "texture": "#texture"},
				"up": {"uv": [10.625, 13.375, 12, 14.625], "texture": "#texture"},
				"down": {"uv": [10.625, 13.375, 12, 14.625], "texture": "#texture"}
			}
		},
		{
			"from": [4.75, 8.375, 6.875],
			"to": [6.125, 8.75, 8.125],
			"faces": {
				"north": {"uv": [10, 12.375, 11.375, 12.75], "texture": "#texture"},
				"east": {"uv": [13.5, 13.375, 14.75, 13.75], "texture": "#texture"},
				"south": {"uv": [10, 12.375, 11.375, 12.75], "texture": "#texture"},
				"west": {"uv": [13.5, 13.375, 14.75, 13.75], "texture": "#texture"},
				"up": {"uv": [10.625, 13.375, 12, 14.625], "texture": "#texture"},
				"down": {"uv": [10.625, 13.375, 12, 14.625], "texture": "#texture"}
			}
		},
		{
			"from": [4.75, 7.75, 6.875],
			"to": [6.125, 8.125, 8.125],
			"faces": {
				"north": {"uv": [10, 12.375, 11.375, 12.75], "texture": "#texture"},
				"east": {"uv": [13.5, 13.375, 14.75, 13.75], "texture": "#texture"},
				"south": {"uv": [10, 12.375, 11.375, 12.75], "texture": "#texture"},
				"west": {"uv": [13.5, 13.375, 14.75, 13.75], "texture": "#texture"},
				"up": {"uv": [10.625, 13.375, 12, 14.625], "texture": "#texture"},
				"down": {"uv": [10.625, 13.375, 12, 14.625], "texture": "#texture"}
			}
		},
		{
			"from": [4.75, 7.125, 6.875],
			"to": [6.125, 7.5, 8.125],
			"faces": {
				"north": {"uv": [10, 12.375, 11.375, 12.75], "texture": "#texture"},
				"east": {"uv": [13.5, 13.375, 14.75, 13.75], "texture": "#texture"},
				"south": {"uv": [10, 12.375, 11.375, 12.75], "texture": "#texture"},
				"west": {"uv": [13.5, 13.375, 14.75, 13.75], "texture": "#texture"},
				"up": {"uv": [10.625, 13.375, 12, 14.625], "texture": "#texture"},
				"down": {"uv": [10.625, 13.375, 12, 14.625], "texture": "#texture"}
			}
		},
		{
			"from": [4.75, 6.5, 6.875],
			"to": [6.125, 6.875, 8.125],
			"faces": {
				"north": {"uv": [10, 12.375, 11.375, 12.75], "texture": "#texture"},
				"east": {"uv": [13.5, 13.375, 14.75, 13.75], "texture": "#texture"},
				"south": {"uv": [10, 12.375, 11.375, 12.75], "texture": "#texture"},
				"west": {"uv": [13.5, 13.375, 14.75, 13.75], "texture": "#texture"},
				"up": {"uv": [10.625, 13.375, 12, 14.625], "texture": "#texture"},
				"down": {"uv": [10.625, 13.375, 12, 14.625], "texture": "#texture"}
			}
		},
		{
			"from": [4.75, 5.875, 6.875],
			"to": [6.125, 6.25, 8.125],
			"faces": {
				"north": {"uv": [10, 12.375, 11.375, 12.75], "texture": "#texture"},
				"east": {"uv": [13.5, 13.375, 14.75, 13.75], "texture": "#texture"},
				"south": {"uv": [10, 12.375, 11.375, 12.75], "texture": "#texture"},
				"west": {"uv": [13.5, 13.375, 14.75, 13.75], "texture": "#texture"},
				"up": {"uv": [10.625, 13.375, 12, 14.625], "texture": "#texture"},
				"down": {"uv": [10.625, 13.375, 12, 14.625], "texture": "#texture"}
			}
		},
		{
			"from": [4.75, 5.25, 6.875],
			"to": [6.125, 5.625, 8.125],
			"faces": {
				"north": {"uv": [10, 12.375, 11.375, 12.75], "texture": "#texture"},
				"east": {"uv": [13.5, 13.375, 14.75, 13.75], "texture": "#texture"},
				"south": {"uv": [10, 12.375, 11.375, 12.75], "texture": "#texture"},
				"west": {"uv": [13.5, 13.375, 14.75, 13.75], "texture": "#texture"},
				"up": {"uv": [10.625, 13.375, 12, 14.625], "texture": "#texture"},
				"down": {"uv": [10.625, 13.375, 12, 14.625], "texture": "#texture"}
			}
		}
	],
	"display": {
		"thirdperson_righthand": {
			"rotation": [0, -90, 0],
			"translation": [-1, -1.51, 5],
			"scale": [1.5, 1.5, 1.5]
		},
		"thirdperson_lefthand": {
			"rotation": [0, 90, 0],
			"translation": [1, -1.51, 5],
			"scale": [1.5, 1.5, 1.5]
		},
		"firstperson_righthand": {
			"rotation": [-5, -90, 0],
			"translation": [0.5, 6.75, 1.5],
			"scale": [0.8, 0.9, 0.8]
		},
		"firstperson_lefthand": {
			"rotation": [-5, 90, 0],
			"translation": [0.5, 6.75, 1.5],
			"scale": [0.8, 0.9, 0.8]
		},
		"ground": {
			"rotation": [45, 45, 0],
			"translation": [0, 5.5, 0],
			"scale": [0.8, 0.8, 0.8]
		},
		"gui": {
			"rotation": [-20, 160, 30],
			"translation": [0, 1.25, 0],
			"scale": [-1, 1, 1]
		}
	}
}