{
	"credit": "Made by zeldahuman with Blockbench - https://blockbench.net",
	"ambientocclusion": false,
	"textures": {
		"texture": "block/ladder",
		"particle": "block_variants/oak_planks_flat"
	},
	"elements": [
		{
			"name": "base",
			"from": [12, 0, 15],
			"to": [14, 16, 16],
			"faces": {
				"north": {"uv": [2, 0, 4, 16], "texture": "#texture"},
				"east": {"uv": [13, 0, 14, 16], "texture": "#texture"},
				"south": {"uv": [12, 0, 14, 16], "texture": "#texture"},
				"west": {"uv": [3, 0, 4, 16], "texture": "#texture"},
				"up": {"uv": [12, 15, 14, 16], "texture": "#texture"},
				"down": {"uv": [12, 0, 14, 1], "texture": "#texture"}
			}
		},
		{
			"name": "base",
			"from": [2, 0, 15],
			"to": [4, 16, 16],
			"faces": {
				"north": {"uv": [12, 0, 14, 16], "texture": "#texture"},
				"east": {"uv": [13, 0, 14, 16], "texture": "#texture"},
				"south": {"uv": [2, 0, 4, 16], "texture": "#texture"},
				"west": {"uv": [13, 0, 14, 16], "texture": "#texture"},
				"up": {"uv": [2, 15, 4, 16], "texture": "#texture"},
				"down": {"uv": [2, 0, 4, 1], "texture": "#texture"}
			}
		},
		{
			"name": "rung",
			"from": [1, 13, 14],
			"to": [15, 15, 15],
			"rotation": {"angle": 0, "axis": "y", "origin": [9, 21, 22]},
			"faces": {
				"north": {"uv": [1, 1, 15, 3], "texture": "#texture"},
				"east": {"uv": [1, 1, 2, 3], "texture": "#texture"},
				"south": {"uv": [15, 1, 1, 3], "texture": "#texture"},
				"west": {"uv": [14, 1, 15, 3], "texture": "#texture"},
				"up": {"uv": [1, 1, 15, 2], "rotation": 180, "texture": "#texture"},
				"down": {"uv": [1, 2, 15, 3], "rotation": 180, "texture": "#texture"}
			}
		},
		{
			"name": "rung",
			"from": [1, 9, 14],
			"to": [15, 11, 15],
			"rotation": {"angle": 0, "axis": "y", "origin": [9, 17, 22]},
			"faces": {
				"north": {"uv": [1, 5, 15, 7], "texture": "#texture"},
				"east": {"uv": [1, 5, 2, 7], "texture": "#texture"},
				"south": {"uv": [15, 5, 1, 7], "texture": "#texture"},
				"west": {"uv": [14, 5, 15, 7], "texture": "#texture"},
				"up": {"uv": [1, 5, 15, 6], "rotation": 180, "texture": "#texture"},
				"down": {"uv": [1, 6, 15, 7], "rotation": 180, "texture": "#texture"}
			}
		},
		{
			"name": "rung",
			"from": [1, 5, 14],
			"to": [15, 7, 15],
			"rotation": {"angle": 0, "axis": "y", "origin": [9, 13, 22]},
			"faces": {
				"north": {"uv": [1, 9, 15, 11], "texture": "#texture"},
				"east": {"uv": [1, 9, 2, 11], "texture": "#texture"},
				"south": {"uv": [15, 9, 1, 11], "texture": "#texture"},
				"west": {"uv": [14, 9, 15, 11], "texture": "#texture"},
				"up": {"uv": [1, 9, 15, 10], "rotation": 180, "texture": "#texture"},
				"down": {"uv": [1, 10, 15, 11], "rotation": 180, "texture": "#texture"}
			}
		},
		{
			"name": "rung",
			"from": [1, 1, 14],
			"to": [15, 3, 15],
			"rotation": {"angle": 0, "axis": "y", "origin": [9, 9, 22]},
			"faces": {
				"north": {"uv": [1, 13, 15, 15], "texture": "#texture"},
				"east": {"uv": [1, 13, 2, 15], "texture": "#texture"},
				"south": {"uv": [15, 13, 1, 15], "texture": "#texture"},
				"west": {"uv": [14, 13, 15, 15], "texture": "#texture"},
				"up": {"uv": [1, 13, 15, 14], "rotation": 180, "texture": "#texture"},
				"down": {"uv": [1, 14, 15, 15], "rotation": 180, "texture": "#texture"}
			}
		}
	]
}