{
	"credit": "Made by zeldahuman with Blockbench - https://blockbench.net",
	"parent": "block/block",
	"ambientocclusion": false,
	"textures": {
		"0": "wynn/quest_book",
		"particle": "block/oak_planks"
	},
	"elements": [
		{
			"from": [5, 0, 6.5],
			"to": [11, 10, 9.5],
			"rotation": {"angle": 0, "axis": "y", "origin": [8, 5, 8]},
			"faces": {
				"north": {"uv": [0, 0, 3, 5], "texture": "#0"},
				"east": {"uv": [6, 5, 7.5, 10], "texture": "#0"},
				"south": {"uv": [7.5, 0, 11, 5], "texture": "#0"},
				"west": {"uv": [7.5, 5, 9, 10], "texture": "#0"},
				"up": {"uv": [12, 5, 9, 6.5], "texture": "#0"},
				"down": {"uv": [9, 5, 12, 6.5], "rotation": 180, "texture": "#0"}
			}
		}
	],
	"display": {
		"thirdperson_righthand": {
			"rotation": [10, 105, 0],
			"translation": [-0.5, 1.5, 2],
			"scale": [0.85, 0.85, 0.85]
		},
		"thirdperson_lefthand": {
			"rotation": [10, -75, 0],
			"translation": [-0.5, 1.5, 2],
			"scale": [0.85, 0.85, 0.85]
		},
		"firstperson_righthand": {
			"rotation": [0, 135, 0],
			"translation": [0, 3, 0],
			"scale": [0.5, 0.5, 0.5]
		},
		"firstperson_lefthand": {
			"rotation": [0, 135, 0],
			"translation": [0, 3, 0],
			"scale": [0.5, 0.5, 0.5]
		},
		"ground": {
			"rotation": [45, 45, 0],
			"translation": [0, 5, 0],
			"scale": [0.4, 0.4, 0.4]
		},
		"gui": {
			"rotation": [30, 225, 0],
			"translation": [0, 3, 0]
		},
		"head": {
			"rotation": [90, 0, 0],
			"translation": [0, 8.5, 3],
			"scale": [1.25, 1.25, 1.25]
		},
		"fixed": {
			"translation": [0, 2, 0]
		}
	}
}