{
	"credit": "Made by zeldahuman with Blockbench - https://blockbench.net",
	"textures": {
		"1": "wynn/weapons/assassin/earth_tier_a",
		"2": "wynn/weapons/assassin/earth_tier_b"
	},
	"elements": [
		{
			"name": "knuckle",
			"from": [1, 7.5, 10],
			"to": [3, 10.5, 12],
			"rotation": {"angle": 0, "axis": "y", "origin": [10.5, 15.5, 19]},
			"faces": {
				"north": {"uv": [15, 2, 13, 5], "texture": "#1"},
				"south": {"uv": [13, 2, 15, 5], "texture": "#1"},
				"west": {"uv": [13, 2, 15, 5], "texture": "#1"},
				"up": {"uv": [13, 0, 15, 2], "texture": "#1"},
				"down": {"uv": [13, 5, 15, 7], "texture": "#1"}
			}
		},
		{
			"name": "knuckle",
			"from": [1, 7.5, 7],
			"to": [3, 10.5, 9],
			"rotation": {"angle": 0, "axis": "y", "origin": [10.5, 15.5, 16]},
			"faces": {
				"north": {"uv": [15, 2, 13, 5], "texture": "#1"},
				"south": {"uv": [13, 2, 15, 5], "texture": "#1"},
				"west": {"uv": [14, 2, 16, 5], "texture": "#1"},
				"up": {"uv": [13, 0, 15, 2], "rotation": 180, "texture": "#1"},
				"down": {"uv": [14, 5, 16, 7], "texture": "#1"}
			}
		},
		{
			"name": "knuckle",
			"from": [1, 7.5, 4],
			"to": [3, 10.5, 6],
			"rotation": {"angle": 0, "axis": "y", "origin": [10.5, 15.5, 13]},
			"faces": {
				"north": {"uv": [16, 2, 14, 5], "texture": "#1"},
				"south": {"uv": [13, 2, 15, 5], "texture": "#1"},
				"west": {"uv": [15, 2, 13, 5], "texture": "#1"},
				"up": {"uv": [14, 0, 16, 2], "texture": "#1"},
				"down": {"uv": [14, 5, 16, 7], "rotation": 180, "texture": "#1"}
			}
		},
		{
			"name": "gauntlet",
			"from": [3, 7.5, 4],
			"to": [9, 10.5, 12],
			"rotation": {"angle": 0, "axis": "y", "origin": [12.5, 15.5, 13]},
			"faces": {
				"north": {"uv": [14, 7, 8, 10], "texture": "#1"},
				"east": {"uv": [8, 7, 16, 10], "texture": "#1"},
				"south": {"uv": [8, 7, 14, 10], "texture": "#1"},
				"west": {"uv": [8, 7, 16, 10], "texture": "#1"},
				"up": {"uv": [0, 0, 6, 8], "texture": "#2"},
				"down": {"uv": [0, 0, 6, 8], "texture": "#2"}
			}
		},
		{
			"name": "gauntlet",
			"from": [9, 7.5, 5],
			"to": [15, 10.5, 11],
			"rotation": {"angle": 0, "axis": "y", "origin": [18.5, 15.5, 14]},
			"faces": {
				"north": {"uv": [14, 11, 8, 14], "texture": "#1"},
				"east": {"uv": [12, 3, 15, 9], "rotation": 90, "texture": "#2"},
				"south": {"uv": [8, 11, 14, 14], "texture": "#1"},
				"west": {"uv": [8, 11, 14, 14], "texture": "#1"},
				"up": {"uv": [8, 3, 14, 9], "texture": "#2"},
				"down": {"uv": [5, 0, 11, 6], "texture": "#2"}
			}
		},
		{
			"name": "handle",
			"from": [5, 0.5, 4.5],
			"to": [7, 7.5, 11.5],
			"rotation": {"angle": 0, "axis": "y", "origin": [14.5, 8.5, 13.5]},
			"faces": {
				"north": {"uv": [7, 0, 9, 7], "texture": "#1"},
				"east": {"uv": [0, 0, 7, 7], "texture": "#1"},
				"south": {"uv": [7, 0, 9, 7], "texture": "#1"},
				"west": {"uv": [0, 0, 7, 7], "texture": "#1"},
				"down": {"uv": [9, 0, 11, 7], "texture": "#1"}
			}
		},
		{
			"name": "handle",
			"from": [10, 0.5, 4.5],
			"to": [12, 7.5, 11.5],
			"rotation": {"angle": 0, "axis": "y", "origin": [19.5, 8.5, 13.5]},
			"faces": {
				"north": {"uv": [9, 0, 7, 7], "texture": "#1"},
				"east": {"uv": [0, 0, 7, 7], "texture": "#1"},
				"south": {"uv": [9, 0, 7, 7], "texture": "#1"},
				"west": {"uv": [0, 0, 7, 7], "texture": "#1"},
				"up": {"uv": [11, 0, 13, 7], "texture": "#1"},
				"down": {"uv": [9, 0, 11, 7], "texture": "#1"}
			}
		},
		{
			"name": "vines",
			"from": [7, -0.5, 4.5],
			"to": [10, 7.5, 11.5],
			"rotation": {"angle": 0, "axis": "y", "origin": [15, 7.5, 12.5]},
			"faces": {
				"north": {"uv": [5, 8, 8, 16], "texture": "#1"},
				"south": {"uv": [2, 8, 5, 16], "texture": "#1"},
				"up": {"uv": [0, 8, 3, 15], "texture": "#1"}
			}
		},
		{
			"name": "vines",
			"from": [12, -0.5, 4.5],
			"to": [15, 7.5, 11.5],
			"rotation": {"angle": 0, "axis": "y", "origin": [20, 7.5, 12.5]},
			"faces": {
				"north": {"uv": [5, 8, 8, 16], "texture": "#1"},
				"east": {"uv": [1, 8, 8, 16], "texture": "#1"},
				"south": {"uv": [3, 8, 0, 16], "texture": "#1"},
				"up": {"uv": [0, 8, 3, 15], "texture": "#1"}
			}
		}
	],
	"display": {
		"thirdperson_righthand": {
			"rotation": [0, -90, 0],
			"translation": [0, 0.5, 2.5],
			"scale": [0.65, 0.65, 0.65]
		},
		"thirdperson_lefthand": {
			"rotation": [0, 90, 0],
			"translation": [0, 0.5, 2.5],
			"scale": [0.65, 0.65, 0.65]
		},
		"firstperson_righthand": {
			"rotation": [22.5, -90, 0],
			"translation": [-0.5, 1.5, 1],
			"scale": [0.6, 0.6, 0.6]
		},
		"firstperson_lefthand": {
			"rotation": [22.5, 90, 0],
			"translation": [-0.5, 1.5, 1],
			"scale": [0.6, 0.6, 0.6]
		},
		"ground": {
			"rotation": [45, -45, 0],
			"translation": [0, 8, 0],
			"scale": [0.5, 0.5, 0.5]
		},
		"gui": {
			"rotation": [60, -115, 0],
			"translation": [-0.25, 0.5, 0],
			"scale": [0.8, 0.8, 0.8]
		},
		"fixed": {
			"rotation": [-90, 90, 0]
		}
	}
}