{
    "parent": "builtin/generated",
    "textures": {
        "layer0": "wynn/weapons/shield"
    },
    "display": {
        "thirdperson_righthand": {
            "rotation": [ 0, -90, 0 ],
            "translation": [ 2.25, -1.5, 3 ],
            "scale": [ 1, 1, 1 ]
        },
		"thirdperson_lefthand": {
            "rotation": [ 0, -90, 0 ],
            "translation": [ 2.25, -1.5, 3 ],
            "scale": [ 1, 1, 1 ]
        },
        "firstperson_righthand": {
            "rotation": [ 0, 315, 5 ],
            "translation": [ 0, -2, 0 ],
            "scale": [ 1, 1, 1 ]
        },
        "firstperson_lefthand": {
            "rotation": [ 0, 315, 5 ],
            "translation": [ 0, -2, 0 ],
            "scale": [ 1, 1, 1 ]
        }
    }
}
