{
	"credit": "Made by zeldahuman with Blockbench - https://blockbench.net",
	"textures": {
		"1": "wynn/weapons/assassin/earth_tier_a",
		"2": "wynn/weapons/assassin/earth_tier_c",
		"particle": "wynn/weapons/assassin/earth_tier_a"
	},
	"elements": [
		{
			"name": "knuckles",
			"from": [1, 5.5, 11.5],
			"to": [4, 10.5, 13.5],
			"rotation": {"angle": 0, "axis": "y", "origin": [10.5, 13.5, 20.5]},
			"faces": {
				"north": {"uv": [16, 2, 13, 7], "texture": "#1"},
				"east": {"uv": [14, 2, 16, 7], "texture": "#1"},
				"south": {"uv": [13, 2, 16, 7], "texture": "#1"},
				"west": {"uv": [15, 2, 13, 7], "texture": "#1"},
				"up": {"uv": [13, 1, 16, 3], "texture": "#1"},
				"down": {"uv": [13, 5, 16, 7], "texture": "#1"}
			}
		},
		{
			"name": "knuckles",
			"from": [-1, 6.5, 8.5],
			"to": [2, 11.5, 10.5],
			"rotation": {"angle": 0, "axis": "y", "origin": [8.5, 14.5, 17.5]},
			"faces": {
				"north": {"uv": [16, 2, 13, 7], "texture": "#1"},
				"east": {"uv": [14, 2, 16, 7], "texture": "#1"},
				"south": {"uv": [13, 2, 16, 7], "texture": "#1"},
				"west": {"uv": [15, 1, 13, 6], "texture": "#1"},
				"up": {"uv": [13, 0, 16, 2], "texture": "#1"},
				"down": {"uv": [13, 5, 16, 7], "texture": "#1"}
			}
		},
		{
			"name": "knuckles",
			"from": [-1, 6.5, 5.5],
			"to": [2, 11.5, 7.5],
			"rotation": {"angle": 0, "axis": "y", "origin": [8.5, 14.5, 14.5]},
			"faces": {
				"north": {"uv": [16, 2, 13, 7], "texture": "#1"},
				"east": {"uv": [16, 2, 14, 7], "texture": "#1"},
				"south": {"uv": [13, 2, 16, 7], "texture": "#1"},
				"west": {"uv": [13, 1, 15, 6], "texture": "#1"},
				"up": {"uv": [13, 2, 16, 0], "texture": "#1"},
				"down": {"uv": [13, 5, 16, 7], "texture": "#1"}
			}
		},
		{
			"name": "knuckles",
			"from": [1, 5.5, 2.5],
			"to": [4, 10.5, 4.5],
			"rotation": {"angle": 0, "axis": "y", "origin": [10.5, 13.5, 11.5]},
			"faces": {
				"north": {"uv": [16, 2, 13, 7], "texture": "#1"},
				"east": {"uv": [16, 2, 14, 7], "texture": "#1"},
				"south": {"uv": [13, 2, 16, 7], "texture": "#1"},
				"west": {"uv": [13, 2, 15, 7], "texture": "#1"},
				"up": {"uv": [13, 3, 16, 1], "texture": "#1"},
				"down": {"uv": [13, 5, 16, 7], "texture": "#1"}
			}
		},
		{
			"name": "knot",
			"from": [8, 11.5, 6],
			"to": [12, 12.5, 10],
			"rotation": {"angle": 0, "axis": "y", "origin": [17.5, 19.5, 15]},
			"faces": {
				"north": {"uv": [16, 12, 12, 13], "texture": "#2"},
				"east": {"uv": [12, 15, 16, 16], "texture": "#2"},
				"south": {"uv": [12, 15, 16, 16], "texture": "#2"},
				"west": {"uv": [12, 15, 16, 16], "texture": "#2"},
				"up": {"uv": [12, 12, 16, 16], "texture": "#2"}
			}
		},
		{
			"name": "gauntlet",
			"from": [2, 7.5, 5.5],
			"to": [3, 11.5, 10.5],
			"rotation": {"angle": 0, "axis": "y", "origin": [11.5, 15.5, 14.5]},
			"faces": {
				"north": {"uv": [0, 10, 1, 14], "texture": "#2"},
				"east": {"uv": [0, 10, 5, 14], "texture": "#2"},
				"south": {"uv": [0, 10, 1, 14], "texture": "#2"},
				"west": {"uv": [0, 10, 5, 14], "texture": "#2"},
				"up": {"uv": [0, 2, 1, 7], "texture": "#2"},
				"down": {"uv": [0, 2, 1, 7], "texture": "#2"}
			}
		},
		{
			"name": "gauntlet",
			"from": [3, 7.5, 3.5],
			"to": [8, 11.5, 12.5],
			"rotation": {"angle": 0, "axis": "y", "origin": [12.5, 15.5, 12.5]},
			"faces": {
				"north": {"uv": [5, 10, 0, 14], "texture": "#2"},
				"east": {"uv": [2, 0, 6, 9], "rotation": 90, "texture": "#2"},
				"south": {"uv": [0, 10, 5, 14], "texture": "#2"},
				"west": {"uv": [0, 10, 9, 14], "texture": "#2"},
				"up": {"uv": [0, 0, 5, 9], "texture": "#2"},
				"down": {"uv": [0, 0, 5, 9], "texture": "#2"}
			}
		},
		{
			"name": "gauntlet",
			"from": [3, 11.5, 4.5],
			"to": [8, 12.5, 11.5],
			"rotation": {"angle": 0, "axis": "y", "origin": [12.5, 19.5, 13.5]},
			"faces": {
				"north": {"uv": [5, 15, 0, 16], "texture": "#2"},
				"east": {"uv": [4, 1, 5, 8], "rotation": 90, "texture": "#2"},
				"south": {"uv": [0, 11, 5, 12], "texture": "#2"},
				"west": {"uv": [0, 10, 7, 11], "texture": "#2"},
				"up": {"uv": [0, 1, 5, 8], "texture": "#2"}
			}
		},
		{
			"name": "gauntlet",
			"from": [8, 7.5, 4],
			"to": [12, 11.5, 12],
			"rotation": {"angle": 0, "axis": "y", "origin": [17.5, 15.5, 13]},
			"faces": {
				"north": {"uv": [9, 11, 5, 15], "texture": "#2"},
				"east": {"uv": [4, 10, 12, 14], "rotation": 90, "texture": "#2"},
				"south": {"uv": [5, 11, 9, 15], "texture": "#2"},
				"up": {"uv": [5, 0, 9, 8], "texture": "#2"},
				"down": {"uv": [5, 0, 9, 8], "texture": "#2"}
			}
		},
		{
			"name": "gauntlet",
			"from": [12, 7.5, 5],
			"to": [16, 10.5, 11],
			"rotation": {"angle": 0, "axis": "y", "origin": [21.5, 15.5, 14]},
			"faces": {
				"north": {"uv": [12, 16, 8, 13], "texture": "#2"},
				"east": {"uv": [9, 10, 12, 16], "rotation": 270, "texture": "#2"},
				"south": {"uv": [8, 16, 12, 13], "texture": "#2"},
				"up": {"uv": [9, 0, 13, 6], "texture": "#2"},
				"down": {"uv": [9, 0, 13, 6], "texture": "#2"}
			}
		},
		{
			"name": "gauntlet",
			"from": [14, 8, 8.5],
			"to": [19, 10, 10.5],
			"rotation": {"angle": 22.5, "axis": "z", "origin": [15, 10, 8]},
			"faces": {
				"north": {"uv": [16, 6, 11, 8], "texture": "#2"},
				"east": {"uv": [9, 8, 11, 10], "texture": "#2"},
				"south": {"uv": [11, 6, 16, 8], "texture": "#2"},
				"up": {"uv": [6, 8, 11, 10], "texture": "#2"},
				"down": {"uv": [11, 8, 16, 10], "texture": "#2"}
			}
		},
		{
			"name": "gauntlet",
			"from": [14, 8, 5.5],
			"to": [19, 10, 7.5],
			"rotation": {"angle": 22.5, "axis": "z", "origin": [15, 10, 5]},
			"faces": {
				"north": {"uv": [16, 6, 11, 8], "texture": "#2"},
				"east": {"uv": [11, 8, 9, 10], "texture": "#2"},
				"south": {"uv": [11, 6, 16, 8], "texture": "#2"},
				"up": {"uv": [6, 10, 11, 8], "texture": "#2"},
				"down": {"uv": [11, 10, 16, 8], "texture": "#2"}
			}
		},
		{
			"name": "gauntlet",
			"from": [16, 7.5, 7],
			"to": [20, 8.5, 9],
			"rotation": {"angle": 0, "axis": "z", "origin": [17, 9.5, 6.5]},
			"faces": {
				"north": {"uv": [8, 14, 12, 15], "rotation": 180, "texture": "#2"},
				"east": {"uv": [14, 11, 16, 12], "texture": "#2"},
				"south": {"uv": [6, 15, 10, 16], "texture": "#2"},
				"up": {"uv": [12, 10, 16, 12], "texture": "#2"},
				"down": {"uv": [0, 14, 4, 16], "texture": "#2"}
			}
		},
		{
			"name": "handle",
			"from": [5, 0.5, 4.5],
			"to": [7, 7.5, 11.5],
			"rotation": {"angle": 0, "axis": "y", "origin": [14.5, 8.5, 13.5]},
			"faces": {
				"north": {"uv": [9, 0, 7, 7], "texture": "#1"},
				"east": {"uv": [0, 0, 7, 7], "texture": "#1"},
				"south": {"uv": [7, 0, 9, 7], "texture": "#1"},
				"west": {"uv": [0, 0, 7, 7], "texture": "#1"},
				"down": {"uv": [9, 0, 11, 7], "texture": "#1"}
			}
		},
		{
			"name": "handle",
			"from": [11, 0.5, 4.5],
			"to": [13, 7.5, 11.5],
			"rotation": {"angle": 0, "axis": "y", "origin": [20.5, 8.5, 13.5]},
			"faces": {
				"north": {"uv": [7, 0, 9, 7], "texture": "#1"},
				"east": {"uv": [0, 0, 7, 7], "texture": "#1"},
				"south": {"uv": [9, 0, 7, 7], "texture": "#1"},
				"west": {"uv": [0, 0, 7, 7], "texture": "#1"},
				"up": {"uv": [11, 0, 13, 7], "texture": "#1"},
				"down": {"uv": [9, 0, 11, 7], "texture": "#1"}
			}
		},
		{
			"name": "vines",
			"from": [7, -0.5, 4],
			"to": [11, 7.5, 12],
			"rotation": {"angle": 0, "axis": "y", "origin": [15, 7.5, 12]},
			"faces": {
				"north": {"uv": [2, 8, 6, 16], "texture": "#1"},
				"south": {"uv": [0, 8, 4, 16], "texture": "#1"}
			}
		},
		{
			"name": "vines",
			"from": [1.5, 1.5, 4],
			"to": [5.5, 9.5, 12],
			"rotation": {"angle": 0, "axis": "y", "origin": [9.5, 9.5, 12]},
			"faces": {
				"north": {"uv": [4, 8, 8, 16], "texture": "#1"},
				"south": {"uv": [3, 8, 7, 16], "texture": "#1"},
				"west": {"uv": [0, 8, 8, 16], "texture": "#1"}
			}
		},
		{
			"name": "vines",
			"from": [12, 2.5, 7.5],
			"to": [20, 7.5, 8.5],
			"rotation": {"angle": 0, "axis": "y", "origin": [20, 10.5, 15.5]},
			"faces": {
				"north": {"uv": [0, 11, 8, 16], "texture": "#1"},
				"east": {"uv": [4, 11, 5, 16], "texture": "#1"},
				"south": {"uv": [8, 11, 0, 16], "texture": "#1"}
			}
		},
		{
			"name": "leaves",
			"from": [8, 7, 3.5],
			"to": [15, 11, 12.5],
			"rotation": {"angle": 0, "axis": "y", "origin": [11.5, 9, 8]},
			"faces": {
				"north": {"uv": [0, 12, 7, 16], "texture": "#1"},
				"east": {"uv": [0, 12, 8, 16], "texture": "#1"},
				"south": {"uv": [1, 11, 8, 15], "texture": "#1"},
				"west": {"uv": [0, 8, 8, 12], "texture": "#1"},
				"up": {"uv": [0, 9, 8, 16], "rotation": 270, "texture": "#1"}
			}
		}
	],
	"display": {
		"thirdperson_righthand": {
			"rotation": [0, -90, 0],
			"translation": [0, 0.5, 3],
			"scale": [0.74, 0.74, 0.74]
		},
		"thirdperson_lefthand": {
			"rotation": [0, 90, 0],
			"translation": [0, 0.5, 3],
			"scale": [0.74, 0.74, 0.74]
		},
		"firstperson_righthand": {
			"rotation": [22.5, -90, 0],
			"translation": [-2, 2, 2],
			"scale": [0.65, 0.65, 0.65]
		},
		"firstperson_lefthand": {
			"rotation": [22.5, 90, 0],
			"translation": [-2, 2, 2],
			"scale": [0.65, 0.65, 0.65]
		},
		"ground": {
			"rotation": [45, 45, 0],
			"translation": [0, 8, 0],
			"scale": [0.6, 0.6, 0.6]
		},
		"gui": {
			"rotation": [60, -115, 0],
			"translation": [-0.5, 0.75, 0],
			"scale": [0.85, 0.85, 0.85]
		},
		"fixed": {
			"rotation": [-90, 90, 0],
			"translation": [0.25, 0, 0]
		}
	}
}