{
	"credit": "Made with Blockbench",
	"textures": {
		"texture": "wynn/weapons/assassin/multi_tier_all_0",
		"blade_glow": "wynn/weapons/assassin/multi_tier_all_1"
	},
	"elements": [
		{
			"from": [17.375, 8.375, 7],
			"to": [17.875, 9.875, 8.5],
			"faces": {
				"north": {"uv": [0, 5, 0.5, 6.5], "texture": "#texture"},
				"east": {"uv": [0, 5, 0.5, 6.5], "texture": "#texture"},
				"south": {"uv": [0, 5, 0.5, 6.5], "texture": "#texture"},
				"west": {"uv": [0, 5, 0.5, 6.5], "texture": "#texture"},
				"up": {"uv": [0, 5, 0.5, 6.5], "texture": "#texture"},
				"down": {"uv": [0, 5, 0.5, 6.5], "texture": "#texture"}
			}
		},
		{
			"from": [24.125, 7.375, 7],
			"to": [24.625, 8.875, 8.5],
			"rotation": {"angle": 0, "axis": "y", "origin": [14.75, 8, 8]},
			"faces": {
				"north": {"uv": [0, 5, 0.5, 6.5], "texture": "#texture"},
				"east": {"uv": [0, 5, 0.5, 6.5], "texture": "#texture"},
				"south": {"uv": [0, 5, 0.5, 6.5], "texture": "#texture"},
				"west": {"uv": [0, 5, 0.5, 6.5], "texture": "#texture"},
				"up": {"uv": [0, 5, 0.5, 6.5], "texture": "#texture"},
				"down": {"uv": [0, 5, 0.5, 6.5], "texture": "#texture"}
			}
		},
		{
			"from": [18, 7.125, 7.25],
			"to": [24.5, 7.875, 8.25],
			"faces": {
				"north": {"uv": [3.25, 13.25, 9.625, 14.5], "texture": "#texture"},
				"east": {"uv": [3.75, 14.75, 4.25, 16], "texture": "#texture"},
				"south": {"uv": [3.25, 13.25, 9.625, 14.5], "texture": "#texture"},
				"west": {"uv": [3.75, 14.75, 4.25, 16], "texture": "#texture"},
				"up": {"uv": [5.75, 12.75, 12.125, 13.25], "texture": "#texture"},
				"down": {"uv": [5.75, 12.75, 12.125, 13.25], "texture": "#texture"}
			}
		},
		{
			"from": [17.25, 6.25, 6.5],
			"to": [18, 8.75, 9],
			"faces": {
				"north": {"uv": [2, 5, 3, 8], "texture": "#texture"},
				"east": {"uv": [2, 5, 3, 8], "texture": "#texture"},
				"south": {"uv": [2, 5, 3, 8], "texture": "#texture"},
				"west": {"uv": [2, 5, 3, 8], "texture": "#texture"},
				"up": {"uv": [2, 5, 3, 8], "texture": "#texture"},
				"down": {"uv": [2, 5, 3, 8], "texture": "#texture"}
			}
		},
		{
			"from": [24, 6.25, 6.5],
			"to": [24.75, 8.75, 9],
			"rotation": {"angle": 0, "axis": "y", "origin": [14.75, 8, 8]},
			"faces": {
				"north": {"uv": [2, 5, 3, 8], "texture": "#texture"},
				"east": {"uv": [2, 5, 3, 8], "texture": "#texture"},
				"south": {"uv": [2, 5, 3, 8], "texture": "#texture"},
				"west": {"uv": [2, 5, 3, 8], "texture": "#texture"},
				"up": {"uv": [2, 5, 3, 8], "texture": "#texture"},
				"down": {"uv": [2, 5, 3, 8], "texture": "#texture"}
			}
		},
		{
			"from": [17.25, 5.25, 6.75],
			"to": [18, 6.25, 8.75],
			"faces": {
				"north": {"uv": [1, 6, 3, 7], "rotation": 90, "texture": "#texture"},
				"east": {"uv": [0, 5, 2, 8], "rotation": 90, "texture": "#texture"},
				"south": {"uv": [1, 6, 3, 7], "rotation": 90, "texture": "#texture"},
				"west": {"uv": [0, 4, 2, 7], "rotation": 90, "texture": "#texture"},
				"up": {"uv": [3, 7, 5, 8], "texture": "#texture"},
				"down": {"uv": [3, 7, 5, 8], "texture": "#texture"}
			}
		},
		{
			"from": [17.25, 8.75, 6.75],
			"to": [18, 9.75, 8.75],
			"faces": {
				"north": {"uv": [0, 5, 1, 7], "texture": "#texture"},
				"east": {"uv": [0, 5, 3, 7], "texture": "#texture"},
				"south": {"uv": [0, 5, 2, 6], "rotation": 90, "texture": "#texture"},
				"west": {"uv": [0, 5, 3, 7], "texture": "#texture"},
				"up": {"uv": [0, 5, 3, 7], "texture": "#texture"},
				"down": {"uv": [0, 5, 3, 7], "texture": "#texture"}
			}
		},
		{
			"from": [17.375, 5.125, 7],
			"to": [17.875, 6.625, 8.5],
			"faces": {
				"north": {"uv": [0, 4, 0.5, 5.5], "texture": "#texture"},
				"east": {"uv": [0, 4, 0.5, 5.5], "texture": "#texture"},
				"south": {"uv": [0, 4, 0.5, 5.5], "texture": "#texture"},
				"west": {"uv": [0, 4, 0.5, 5.5], "texture": "#texture"},
				"up": {"uv": [0, 4, 0.5, 5.5], "texture": "#texture"},
				"down": {"uv": [0, 4, 0.5, 5.5], "texture": "#texture"}
			}
		},
		{
			"from": [24.125, 6.125, 7],
			"to": [24.625, 7.625, 8.5],
			"rotation": {"angle": 0, "axis": "y", "origin": [14.75, 8, 8]},
			"faces": {
				"north": {"uv": [0, 4, 0.5, 5.5], "texture": "#texture"},
				"east": {"uv": [0, 4, 0.5, 5.5], "texture": "#texture"},
				"south": {"uv": [0, 4, 0.5, 5.5], "texture": "#texture"},
				"west": {"uv": [0, 4, 0.5, 5.5], "texture": "#texture"},
				"up": {"uv": [0, 4, 0.5, 5.5], "texture": "#texture"},
				"down": {"uv": [0, 4, 0.5, 5.5], "texture": "#texture"}
			}
		},
		{
			"from": [17.75, 6.5, 6.75],
			"to": [18.25, 8.5, 8.75],
			"faces": {
				"north": {"uv": [6.5, 8.75, 9.5, 11.25], "texture": "#texture"},
				"east": {"uv": [7, 9.25, 8, 11.75], "texture": "#texture"},
				"south": {"uv": [6.5, 8.75, 9.5, 11.25], "texture": "#texture"},
				"west": {"uv": [7, 9.25, 8, 11.75], "texture": "#texture"},
				"up": {"uv": [7.25, 8, 10.25, 9], "texture": "#texture"},
				"down": {"uv": [7.25, 8, 10.25, 9], "texture": "#texture"}
			}
		},
		{
			"from": [24.5, 6.5, 6.75],
			"to": [25, 8.5, 8.75],
			"faces": {
				"north": {"uv": [6.5, 8.75, 9.5, 11.25], "texture": "#texture"},
				"east": {"uv": [7, 9.25, 8, 11.75], "texture": "#texture"},
				"south": {"uv": [6.5, 8.75, 9.5, 11.25], "texture": "#texture"},
				"west": {"uv": [7, 9.25, 8, 11.75], "texture": "#texture"},
				"up": {"uv": [7.25, 8, 10.25, 9], "texture": "#texture"},
				"down": {"uv": [7.25, 8, 10.25, 9], "texture": "#texture"}
			}
		},
		{
			"from": [24.75, 6.75, 7],
			"to": [25.25, 8.25, 8.5],
			"faces": {
				"north": {"uv": [12, 8.75, 15, 11.25], "texture": "#texture"},
				"east": {"uv": [12.5, 8.75, 13.5, 11.25], "texture": "#texture"},
				"south": {"uv": [12, 8.75, 15, 11.25], "texture": "#texture"},
				"west": {"uv": [12.5, 8.75, 13.5, 11.25], "texture": "#texture"},
				"up": {"uv": [12, 8.5, 15, 9.5], "texture": "#texture"},
				"down": {"uv": [12, 8.5, 15, 9.5], "texture": "#texture"}
			}
		},
		{
			"from": [18, 6.875, 7.5],
			"to": [24.375, 8.125, 8],
			"faces": {
				"north": {"uv": [3.25, 13.25, 9.625, 14.5], "texture": "#texture"},
				"east": {"uv": [3.75, 14.75, 4.25, 16], "texture": "#texture"},
				"south": {"uv": [3.25, 13.25, 9.625, 14.5], "texture": "#texture"},
				"west": {"uv": [3.75, 14.75, 4.25, 16], "texture": "#texture"},
				"up": {"uv": [5.75, 12.75, 12.125, 13.25], "texture": "#texture"},
				"down": {"uv": [5.75, 12.75, 12.125, 13.25], "texture": "#texture"}
			}
		},
		{
			"from": [18, 7, 7.375],
			"to": [24.5, 8, 8.125],
			"faces": {
				"north": {"uv": [3.25, 13.25, 9.625, 14.5], "texture": "#texture"},
				"east": {"uv": [3.75, 14.75, 4.25, 16], "texture": "#texture"},
				"south": {"uv": [3.25, 13.25, 9.625, 14.5], "texture": "#texture"},
				"west": {"uv": [3.75, 14.75, 4.25, 16], "texture": "#texture"},
				"up": {"uv": [5.75, 12.75, 12.125, 13.25], "texture": "#texture"},
				"down": {"uv": [5.75, 12.75, 12.125, 13.25], "texture": "#texture"}
			}
		},
		{
			"from": [18, 7.25, 7.125],
			"to": [24.25, 7.75, 8.375],
			"faces": {
				"north": {"uv": [3.25, 13.25, 9.625, 14.5], "texture": "#texture"},
				"east": {"uv": [3.75, 14.75, 4.25, 16], "texture": "#texture"},
				"south": {"uv": [3.25, 13.25, 9.625, 14.5], "texture": "#texture"},
				"west": {"uv": [3.75, 14.75, 4.25, 16], "texture": "#texture"},
				"up": {"uv": [5.75, 12.75, 12.125, 13.25], "texture": "#texture"},
				"down": {"uv": [5.75, 12.75, 12.125, 13.25], "texture": "#texture"}
			}
		},
		{
			"from": [18, 6.75, 7],
			"to": [18.5, 8.25, 8.5],
			"faces": {
				"north": {"uv": [12, 8.75, 15, 11.25], "texture": "#texture"},
				"east": {"uv": [12.5, 8.75, 13.5, 11.25], "texture": "#texture"},
				"south": {"uv": [12, 8.75, 15, 11.25], "texture": "#texture"},
				"west": {"uv": [12.5, 8.75, 13.5, 11.25], "texture": "#texture"},
				"up": {"uv": [12, 8.5, 15, 9.5], "texture": "#texture"},
				"down": {"uv": [12, 8.5, 15, 9.5], "texture": "#texture"}
			}
		},
		{
			"from": [15.875, 6.25, 7.5625],
			"to": [16.125, 8.5, 7.8125],
			"faces": {
				"north": {"uv": [7.625, 1, 7.875, 3.25], "texture": "#blade_glow"},
				"east": {"uv": [7.625, 1, 7.875, 3.25], "texture": "#blade_glow"},
				"south": {"uv": [7.625, 1, 7.875, 3.25], "texture": "#blade_glow"},
				"west": {"uv": [7.625, 1, 7.875, 3.25], "texture": "#blade_glow"},
				"up": {"uv": [7.625, 1, 7.875, 3.25], "texture": "#blade_glow"},
				"down": {"uv": [7.625, 1, 7.875, 3.25], "texture": "#blade_glow"}
			}
		},
		{
			"from": [23.75, 6.5, 6.75],
			"to": [24.25, 8.5, 8.75],
			"faces": {
				"north": {"uv": [2.25, 8.5, 5.25, 11], "texture": "#texture"},
				"east": {"uv": [2.5, 8.5, 3.5, 11], "texture": "#texture"},
				"south": {"uv": [2.25, 8.5, 5.25, 11], "texture": "#texture"},
				"west": {"uv": [2.5, 8.5, 3.5, 11], "texture": "#texture"},
				"up": {"uv": [1.75, 8.75, 4.75, 9.75], "texture": "#texture"},
				"down": {"uv": [1.75, 8.75, 4.75, 9.75], "texture": "#texture"}
			}
		},
		{
			"from": [23.5, 6.75, 7],
			"to": [24, 8.25, 8.5],
			"faces": {
				"north": {"uv": [6.25, 4.75, 9.25, 7.25], "texture": "#texture"},
				"east": {"uv": [8.5, 5, 9.5, 7.5], "texture": "#texture"},
				"south": {"uv": [6.25, 4.75, 9.25, 7.25], "texture": "#texture"},
				"west": {"uv": [8.5, 5, 9.5, 7.5], "texture": "#texture"},
				"up": {"uv": [6.75, 4.5, 9.75, 5.5], "texture": "#texture"},
				"down": {"uv": [6.75, 4.5, 9.75, 5.5], "texture": "#texture"}
			}
		},
		{
			"from": [17, 6.5, 6.75],
			"to": [17.5, 8.5, 8.75],
			"faces": {
				"north": {"uv": [2.25, 8.5, 5.25, 11], "texture": "#texture"},
				"east": {"uv": [2.5, 8.5, 3.5, 11], "texture": "#texture"},
				"south": {"uv": [2.25, 8.5, 5.25, 11], "texture": "#texture"},
				"west": {"uv": [2.5, 8.5, 3.5, 11], "texture": "#texture"},
				"up": {"uv": [1.75, 8.75, 4.75, 9.75], "texture": "#texture"},
				"down": {"uv": [1.75, 8.75, 4.75, 9.75], "texture": "#texture"}
			}
		},
		{
			"from": [16.75, 6.75, 7],
			"to": [17.25, 8.25, 8.5],
			"faces": {
				"north": {"uv": [6.25, 4.75, 9.25, 7.25], "texture": "#texture"},
				"east": {"uv": [8.5, 5, 9.5, 7.5], "texture": "#texture"},
				"south": {"uv": [6.25, 4.75, 9.25, 7.25], "texture": "#texture"},
				"west": {"uv": [8.5, 5, 9.5, 7.5], "texture": "#texture"},
				"up": {"uv": [6.75, 4.5, 9.75, 5.5], "texture": "#texture"},
				"down": {"uv": [6.75, 4.5, 9.75, 5.5], "texture": "#texture"}
			}
		},
		{
			"from": [15.75, 6.125, 7.625],
			"to": [16, 8.625, 7.875],
			"faces": {
				"north": {"uv": [8.75, 1.125, 9, 3.625], "texture": "#blade_glow"},
				"east": {"uv": [8.75, 1.125, 9, 3.625], "texture": "#blade_glow"},
				"south": {"uv": [8.75, 1.125, 9, 3.625], "texture": "#blade_glow"},
				"west": {"uv": [8.75, 1.125, 9, 3.625], "texture": "#blade_glow"},
				"up": {"uv": [8.75, 1.125, 9, 3.625], "texture": "#blade_glow"},
				"down": {"uv": [8.75, 1.125, 9, 3.625], "texture": "#blade_glow"}
			}
		},
		{
			"from": [5.5, 6.25, 7.375],
			"to": [15.75, 8.5, 8.125],
			"faces": {
				"north": {"uv": [3.5, 7.25, 15.5, 10], "texture": "#blade_glow"},
				"east": {"uv": [7, 5.25, 7.75, 8], "texture": "#blade_glow"},
				"south": {"uv": [3.5, 7.25, 15.5, 10], "texture": "#blade_glow"},
				"west": {"uv": [7, 5.25, 7.75, 8], "texture": "#blade_glow"},
				"up": {"uv": [2.25, 2.5, 14.25, 3.25], "texture": "#blade_glow"},
				"down": {"uv": [2.25, 2.5, 14.25, 3.25], "texture": "#blade_glow"}
			}
		},
		{
			"from": [5.5, 6, 7.625],
			"to": [15.75, 8.75, 7.875],
			"faces": {
				"north": {"uv": [3.5, 7.25, 15.5, 10], "texture": "#blade_glow"},
				"east": {"uv": [7, 5.25, 7.75, 8], "texture": "#blade_glow"},
				"south": {"uv": [3.5, 7.25, 15.5, 10], "texture": "#blade_glow"},
				"west": {"uv": [7, 5.25, 7.75, 8], "texture": "#blade_glow"},
				"up": {"uv": [2.25, 2.5, 14.25, 3.25], "texture": "#blade_glow"},
				"down": {"uv": [2.25, 2.5, 14.25, 3.25], "texture": "#blade_glow"}
			}
		},
		{
			"from": [4.125, 6.1875, 7.625],
			"to": [6, 7.4375, 7.875],
			"rotation": {"angle": 45, "axis": "z", "origin": [4.125, 7.4375, 7.625]},
			"faces": {
				"north": {"uv": [4, 7.5, 5.5, 8.25], "texture": "#blade_glow"},
				"east": {"uv": [8.75, 8.25, 9.5, 9], "texture": "#blade_glow"},
				"south": {"uv": [4, 7.5, 5.5, 8.25], "texture": "#blade_glow"},
				"west": {"uv": [8.75, 8.25, 9.5, 9], "texture": "#blade_glow"},
				"up": {"uv": [3.75, 6.5, 5.25, 7.25], "texture": "#blade_glow"},
				"down": {"uv": [3.75, 6.5, 5.25, 7.25], "texture": "#blade_glow"}
			}
		},
		{
			"from": [5.375, 6.6875, 7.625],
			"to": [6.875, 7.9375, 7.875],
			"rotation": {"angle": -45, "axis": "z", "origin": [5.375, 7.9375, 7.625]},
			"faces": {
				"north": {"uv": [4, 7.5, 5.5, 8.25], "texture": "#blade_glow"},
				"east": {"uv": [8.75, 8.25, 9.5, 9], "texture": "#blade_glow"},
				"south": {"uv": [4, 7.5, 5.5, 8.25], "texture": "#blade_glow"},
				"west": {"uv": [8.75, 8.25, 9.5, 9], "texture": "#blade_glow"},
				"up": {"uv": [3.75, 6.5, 5.25, 7.25], "texture": "#blade_glow"},
				"down": {"uv": [3.75, 6.5, 5.25, 7.25], "texture": "#blade_glow"}
			}
		},
		{
			"from": [4.4375, 6.625, 7.375],
			"to": [5.9375, 7.375, 8.125],
			"rotation": {"angle": 45, "axis": "z", "origin": [4.4375, 7.375, 7.375]},
			"faces": {
				"north": {"uv": [4, 7.5, 5.5, 8.25], "texture": "#blade_glow"},
				"east": {"uv": [8.75, 8.25, 9.5, 9], "texture": "#blade_glow"},
				"south": {"uv": [4, 7.5, 5.5, 8.25], "texture": "#blade_glow"},
				"west": {"uv": [8.75, 8.25, 9.5, 9], "texture": "#blade_glow"},
				"up": {"uv": [3.75, 6.5, 5.25, 7.25], "texture": "#blade_glow"},
				"down": {"uv": [3.75, 6.5, 5.25, 7.25], "texture": "#blade_glow"}
			}
		},
		{
			"from": [5.125, 7, 7.375],
			"to": [6.375, 7.75, 8.125],
			"rotation": {"angle": -45, "axis": "z", "origin": [5.125, 7.75, 7.375]},
			"faces": {
				"north": {"uv": [4, 7.5, 5.5, 8.25], "texture": "#blade_glow"},
				"east": {"uv": [8.75, 8.25, 9.5, 9], "texture": "#blade_glow"},
				"south": {"uv": [4, 7.5, 5.5, 8.25], "texture": "#blade_glow"},
				"west": {"uv": [8.75, 8.25, 9.5, 9], "texture": "#blade_glow"},
				"up": {"uv": [3.75, 6.5, 5.25, 7.25], "texture": "#blade_glow"},
				"down": {"uv": [3.75, 6.5, 5.25, 7.25], "texture": "#blade_glow"}
			}
		}
	],
	"display": {
		"thirdperson_righthand": {
			"rotation": [-90, 90, 0],
			"translation": [-0.5, 11, 1]
		},
		"thirdperson_lefthand": {
			"rotation": [-90, -90, 0],
			"translation": [-0.5, 11, 1]
		},
		"firstperson_righthand": {
			"rotation": [45, -90, 0],
			"translation": [-2.5, 9.5, 0],
			"scale": [0.7, 0.7, 0.7]
		},
		"firstperson_lefthand": {
			"rotation": [45, 90, 0],
			"translation": [-2.5, 9.5, 0],
			"scale": [0.7, 0.7, 0.7]
		},
		"ground": {
			"rotation": [45, -45, 0],
			"translation": [0, 6, 0],
			"scale": [0.6, 0.6, 0.6]
		},
		"gui": {
			"rotation": [-20, -160, -60],
			"translation": [2, 4.5, 0],
			"scale": [0.75, 0.75, 0.75]
		},
		"fixed": {
			"rotation": [0, 0, -90],
			"translation": [0.75, 6.75, -0.5]
		}
	}
}