{
	"credit": "Made by zeldahuman with Blockbench - https://blockbench.net",
	"textures": {
		"2": "wynn/weapons/anim/flame_medium",
		"texture": "wynn/weapons/assassin/fire_tier_b_c",
		"fire_bladeFlamelicks_HO": "wynn/weapons/anim/fire_blade_flamelicks",
		"particle": "wynn/weapons/anim/flame_medium"
	},
	"elements": [
		{
			"from": [14, 7, 8.25],
			"to": [14.75, 8, 9.25],
			"faces": {
				"north": {"uv": [4.75, 13.75, 8.5, 15.5], "texture": "#texture"},
				"east": {"uv": [4, 13.75, 5.75, 15.25], "texture": "#texture"},
				"south": {"uv": [4.75, 13.75, 8.5, 15.5], "texture": "#texture"},
				"west": {"uv": [4, 13.75, 5.75, 15.25], "texture": "#texture"},
				"up": {"uv": [2, 13.5, 5.25, 15], "texture": "#texture"},
				"down": {"uv": [2, 13.5, 5.25, 15], "texture": "#texture"}
			}
		},
		{
			"from": [14, 6.75, 8],
			"to": [14.5, 8.25, 9.5],
			"faces": {
				"north": {"uv": [5, 9.75, 7, 11.75], "texture": "#texture"},
				"east": {"uv": [7, 9.75, 8.75, 11.75], "texture": "#texture"},
				"south": {"uv": [5, 9.75, 7, 11.75], "texture": "#texture"},
				"west": {"uv": [7, 9.75, 8.75, 11.75], "texture": "#texture"},
				"up": {"uv": [2.75, 9.5, 5.25, 12], "texture": "#texture"},
				"down": {"uv": [2.75, 9.5, 5.25, 12], "texture": "#texture"}
			}
		},
		{
			"from": [13.4375, 7.9375, 8],
			"to": [13.9375, 9.4375, 9.5],
			"rotation": {"angle": 22.5, "axis": "z", "origin": [13.4375, 9.4375, 8]},
			"faces": {
				"north": {"uv": [5, 9.75, 7, 11.75], "texture": "#texture"},
				"east": {"uv": [7, 9.75, 8.75, 11.75], "texture": "#texture"},
				"south": {"uv": [5, 9.75, 7, 11.75], "texture": "#texture"},
				"west": {"uv": [7, 9.75, 8.75, 11.75], "texture": "#texture"},
				"up": {"uv": [2.75, 9.5, 5.25, 12], "texture": "#texture"},
				"down": {"uv": [2.75, 9.5, 5.25, 12], "texture": "#texture"}
			}
		},
		{
			"from": [14.0125, 5.4375, 8],
			"to": [14.5125, 6.9375, 9.5],
			"rotation": {"angle": -22.5, "axis": "z", "origin": [14.0125, 6.9375, 8]},
			"faces": {
				"north": {"uv": [5, 9.75, 7, 11.75], "texture": "#texture"},
				"east": {"uv": [7, 9.75, 8.75, 11.75], "texture": "#texture"},
				"south": {"uv": [5, 9.75, 7, 11.75], "texture": "#texture"},
				"west": {"uv": [7, 9.75, 8.75, 11.75], "texture": "#texture"},
				"up": {"uv": [2.75, 9.5, 5.25, 12], "texture": "#texture"},
				"down": {"uv": [2.75, 9.5, 5.25, 12], "texture": "#texture"}
			}
		},
		{
			"from": [14.75, 7.25, 8.5],
			"to": [18, 7.75, 9],
			"faces": {
				"north": {"uv": [12.25, 4.75, 14.25, 6.75], "texture": "#texture"},
				"east": {"uv": [0.25, 2.5, 2, 4.5], "texture": "#texture"},
				"south": {"uv": [12.25, 4.75, 14.25, 6.75], "texture": "#texture"},
				"west": {"uv": [0.25, 2.5, 2, 4.5], "texture": "#texture"},
				"up": {"uv": [13.25, 3.25, 15.75, 5.75], "texture": "#texture"},
				"down": {"uv": [13.25, 3.25, 15.75, 5.75], "texture": "#texture"}
			}
		},
		{
			"from": [18, 7, 8.25],
			"to": [19, 8, 9.25],
			"faces": {
				"north": {"uv": [4.75, 13.75, 8.5, 15.5], "texture": "#texture"},
				"east": {"uv": [4, 13.75, 5.75, 15.25], "texture": "#texture"},
				"south": {"uv": [4.75, 13.75, 8.5, 15.5], "texture": "#texture"},
				"west": {"uv": [4, 13.75, 5.75, 15.25], "texture": "#texture"},
				"up": {"uv": [2, 13.5, 5.25, 15], "texture": "#texture"},
				"down": {"uv": [2, 13.5, 5.25, 15], "texture": "#texture"}
			}
		},
		{
			"from": [18.25, 7.5, 8],
			"to": [19.25, 8.5, 9],
			"faces": {
				"north": {"uv": [5, 9.75, 7, 11.75], "texture": "#texture"},
				"east": {"uv": [7, 9.75, 8.75, 11.75], "texture": "#texture"},
				"south": {"uv": [5, 9.75, 7, 11.75], "texture": "#texture"},
				"west": {"uv": [7, 9.75, 8.75, 11.75], "texture": "#texture"},
				"up": {"uv": [2.75, 9.5, 5.25, 12], "texture": "#texture"},
				"down": {"uv": [2.75, 9.5, 5.25, 12], "texture": "#texture"}
			}
		},
		{
			"from": [18.75, 6.25, 8.5],
			"to": [19.75, 7.25, 9.5],
			"faces": {
				"north": {"uv": [5, 9.75, 7, 11.75], "texture": "#texture"},
				"east": {"uv": [7, 9.75, 8.75, 11.75], "texture": "#texture"},
				"south": {"uv": [5, 9.75, 7, 11.75], "texture": "#texture"},
				"west": {"uv": [7, 9.75, 8.75, 11.75], "texture": "#texture"},
				"up": {"uv": [2.75, 9.5, 5.25, 12], "texture": "#texture"},
				"down": {"uv": [2.75, 9.5, 5.25, 12], "texture": "#texture"}
			}
		},
		{
			"from": [19, 7.75, 7.75],
			"to": [20, 8.75, 8.75],
			"faces": {
				"north": {"uv": [5, 9.75, 7, 11.75], "texture": "#texture"},
				"east": {"uv": [7, 9.75, 8.75, 11.75], "texture": "#texture"},
				"south": {"uv": [5, 9.75, 7, 11.75], "texture": "#texture"},
				"west": {"uv": [7, 9.75, 8.75, 11.75], "texture": "#texture"},
				"up": {"uv": [2.75, 9.5, 5.25, 12], "texture": "#texture"},
				"down": {"uv": [2.75, 9.5, 5.25, 12], "texture": "#texture"}
			}
		},
		{
			"from": [19.25, 7, 7.75],
			"to": [20.25, 8, 8.75],
			"faces": {
				"north": {"uv": [5, 9.75, 7, 11.75], "texture": "#texture"},
				"east": {"uv": [7, 9.75, 8.75, 11.75], "texture": "#texture"},
				"south": {"uv": [5, 9.75, 7, 11.75], "texture": "#texture"},
				"west": {"uv": [7, 9.75, 8.75, 11.75], "texture": "#texture"},
				"up": {"uv": [2.75, 9.5, 5.25, 12], "texture": "#texture"},
				"down": {"uv": [2.75, 9.5, 5.25, 12], "texture": "#texture"}
			}
		},
		{
			"from": [2.5, 7.5, 8.625],
			"to": [14.25, 13.5, 8.6875],
			"faces": {
				"north": {"uv": [0, 0, 16, 16], "rotation": 90, "texture": "#fire_bladeFlamelicks_HO"},
				"south": {"uv": [0, 16, 16, 0], "rotation": 90, "texture": "#fire_bladeFlamelicks_HO"}
			}
		},
		{
			"from": [2.5, 1.75, 8.625],
			"to": [14.25, 7.5, 8.6875],
			"faces": {
				"north": {"uv": [16, 0, 0, 16], "rotation": 90, "texture": "#fire_bladeFlamelicks_HO"},
				"south": {"uv": [16, 16, 0, 0], "rotation": 90, "texture": "#fire_bladeFlamelicks_HO"}
			}
		},
		{
			"from": [4, 5.25, 8.375],
			"to": [14.25, 9.5, 8.9375],
			"rotation": {"angle": 0, "axis": "y", "origin": [8, 7.5, 7.75]},
			"faces": {
				"north": {"uv": [16, 0, 0, 16], "rotation": 90, "texture": "#2"},
				"south": {"uv": [16, 16, 0, 0], "rotation": 90, "texture": "#2"}
			}
		},
		{
			"from": [19, 7, 8.25],
			"to": [20, 8, 9.25],
			"faces": {
				"north": {"uv": [5, 9.75, 7, 11.75], "texture": "#texture"},
				"east": {"uv": [7, 9.75, 8.75, 11.75], "texture": "#texture"},
				"south": {"uv": [5, 9.75, 7, 11.75], "texture": "#texture"},
				"west": {"uv": [7, 9.75, 8.75, 11.75], "texture": "#texture"},
				"up": {"uv": [2.75, 9.5, 5.25, 12], "texture": "#texture"},
				"down": {"uv": [2.75, 9.5, 5.25, 12], "texture": "#texture"}
			}
		},
		{
			"from": [18.5, 6.75, 7.5],
			"to": [19.5, 7.75, 8.5],
			"faces": {
				"north": {"uv": [5, 9.75, 7, 11.75], "texture": "#texture"},
				"east": {"uv": [7, 9.75, 8.75, 11.75], "texture": "#texture"},
				"south": {"uv": [5, 9.75, 7, 11.75], "texture": "#texture"},
				"west": {"uv": [7, 9.75, 8.75, 11.75], "texture": "#texture"},
				"up": {"uv": [2.75, 9.5, 5.25, 12], "texture": "#texture"},
				"down": {"uv": [2.75, 9.5, 5.25, 12], "texture": "#texture"}
			}
		},
		{
			"from": [18.25, 6.5, 8.5],
			"to": [19.25, 7.5, 9],
			"faces": {
				"north": {"uv": [5, 9.75, 7, 11.75], "texture": "#texture"},
				"east": {"uv": [7, 9.75, 8.75, 11.75], "texture": "#texture"},
				"south": {"uv": [5, 9.75, 7, 11.75], "texture": "#texture"},
				"west": {"uv": [7, 9.75, 8.75, 11.75], "texture": "#texture"},
				"up": {"uv": [2.75, 9.5, 5.25, 12], "texture": "#texture"},
				"down": {"uv": [2.75, 9.5, 5.25, 12], "texture": "#texture"}
			}
		},
		{
			"from": [15.75, 7, 8.25],
			"to": [16.25, 8, 9.25],
			"faces": {
				"north": {"uv": [4.75, 13.75, 8.5, 15.5], "texture": "#texture"},
				"east": {"uv": [4, 13.75, 5.75, 15.25], "texture": "#texture"},
				"south": {"uv": [4.75, 13.75, 8.5, 15.5], "texture": "#texture"},
				"west": {"uv": [4, 13.75, 5.75, 15.25], "texture": "#texture"},
				"up": {"uv": [2, 13.5, 5.25, 15], "texture": "#texture"},
				"down": {"uv": [2, 13.5, 5.25, 15], "texture": "#texture"}
			}
		},
		{
			"from": [18.5, 7.25, 8.75],
			"to": [19.5, 8.25, 9.75],
			"faces": {
				"north": {"uv": [5, 9.75, 7, 11.75], "texture": "#texture"},
				"east": {"uv": [7, 9.75, 8.75, 11.75], "texture": "#texture"},
				"south": {"uv": [5, 9.75, 7, 11.75], "texture": "#texture"},
				"west": {"uv": [7, 9.75, 8.75, 11.75], "texture": "#texture"},
				"up": {"uv": [2.75, 9.5, 5.25, 12], "texture": "#texture"},
				"down": {"uv": [2.75, 9.5, 5.25, 12], "texture": "#texture"}
			}
		},
		{
			"from": [16.5, 7, 8.25],
			"to": [17, 8, 9.25],
			"faces": {
				"north": {"uv": [4.75, 13.75, 8.5, 15.5], "texture": "#texture"},
				"east": {"uv": [4, 13.75, 5.75, 15.25], "texture": "#texture"},
				"south": {"uv": [4.75, 13.75, 8.5, 15.5], "texture": "#texture"},
				"west": {"uv": [4, 13.75, 5.75, 15.25], "texture": "#texture"},
				"up": {"uv": [2, 13.5, 5.25, 15], "texture": "#texture"},
				"down": {"uv": [2, 13.5, 5.25, 15], "texture": "#texture"}
			}
		},
		{
			"from": [15, 7, 8.25],
			"to": [15.5, 8, 9.25],
			"faces": {
				"north": {"uv": [4.75, 13.75, 8.5, 15.5], "texture": "#texture"},
				"east": {"uv": [4, 13.75, 5.75, 15.25], "texture": "#texture"},
				"south": {"uv": [4.75, 13.75, 8.5, 15.5], "texture": "#texture"},
				"west": {"uv": [4, 13.75, 5.75, 15.25], "texture": "#texture"},
				"up": {"uv": [2, 13.5, 5.25, 15], "texture": "#texture"},
				"down": {"uv": [2, 13.5, 5.25, 15], "texture": "#texture"}
			}
		},
		{
			"from": [17.25, 7, 8.25],
			"to": [17.75, 8, 9.25],
			"faces": {
				"north": {"uv": [4.75, 13.75, 8.5, 15.5], "texture": "#texture"},
				"east": {"uv": [4, 13.75, 5.75, 15.25], "texture": "#texture"},
				"south": {"uv": [4.75, 13.75, 8.5, 15.5], "texture": "#texture"},
				"west": {"uv": [4, 13.75, 5.75, 15.25], "texture": "#texture"},
				"up": {"uv": [2, 13.5, 5.25, 15], "texture": "#texture"},
				"down": {"uv": [2, 13.5, 5.25, 15], "texture": "#texture"}
			}
		},
		{
			"from": [3.25, 7.5, 9.125],
			"to": [14.25, 11.5, 9.1875],
			"rotation": {"angle": 0, "axis": "y", "origin": [8, 8, 8.25]},
			"faces": {
				"north": {"uv": [0, 0, 16, 16], "rotation": 90, "texture": "#fire_bladeFlamelicks_HO"},
				"south": {"uv": [0, 16, 16, 0], "rotation": 90, "texture": "#fire_bladeFlamelicks_HO"}
			}
		},
		{
			"from": [3.25, 3.75, 9.125],
			"to": [14.25, 7.5, 9.1875],
			"rotation": {"angle": 0, "axis": "y", "origin": [8, 8, 8.25]},
			"faces": {
				"north": {"uv": [16, 0, 0, 16], "rotation": 90, "texture": "#fire_bladeFlamelicks_HO"},
				"south": {"uv": [16, 16, 0, 0], "rotation": 90, "texture": "#fire_bladeFlamelicks_HO"}
			}
		},
		{
			"from": [3.25, 3.75, 8.125],
			"to": [14.25, 7.5, 8.1875],
			"rotation": {"angle": 0, "axis": "y", "origin": [8, 8, 7.75]},
			"faces": {
				"north": {"uv": [16, 0, 0, 16], "rotation": 90, "texture": "#fire_bladeFlamelicks_HO"},
				"south": {"uv": [16, 16, 0, 0], "rotation": 90, "texture": "#fire_bladeFlamelicks_HO"}
			}
		},
		{
			"from": [3.25, 7.5, 8.125],
			"to": [14.25, 11.5, 8.1875],
			"rotation": {"angle": 0, "axis": "y", "origin": [8, 8, 7.75]},
			"faces": {
				"north": {"uv": [0, 0, 16, 16], "rotation": 90, "texture": "#fire_bladeFlamelicks_HO"},
				"south": {"uv": [0, 16, 16, 0], "rotation": 90, "texture": "#fire_bladeFlamelicks_HO"}
			}
		}
	],
	"display": {
		"thirdperson_righthand": {
			"rotation": [-90, 90, 0],
			"translation": [-1, 9, 1],
			"scale": [1.3, 1.3, 1.3]
		},
		"thirdperson_lefthand": {
			"rotation": [90, 90, 0],
			"translation": [-1, 9, 2],
			"scale": [1.3, 1.3, 1.3]
		},
		"firstperson_righthand": {
			"rotation": [45, -90, 0],
			"translation": [-1, 6.5, 0],
			"scale": [0.8, 0.8, 0.8]
		},
		"firstperson_lefthand": {
			"rotation": [45, 90, 0],
			"translation": [-2, 6.5, 0],
			"scale": [0.8, 0.8, 0.8]
		},
		"ground": {
			"rotation": [45, -45, 0],
			"translation": [0, 5, 0],
			"scale": [0.62, 0.62, 0.62]
		},
		"gui": {
			"rotation": [-20, -160, -60],
			"translation": [1.25, 3.25, 0],
			"scale": [1.15, 1.15, 1.15]
		},
		"fixed": {
			"rotation": [0, 0, -90],
			"translation": [0.5, 3, -2]
		}
	}
}