{
	"credit": "Made by zeldahuman with Blockbench - https://blockbench.net",
	"textures": {
		"3": "wynn/weapons/anim/flame_medium",
		"texture": "wynn/weapons/assassin/fire_tier_b_c",
		"fire_bladeFlamelicks_HO": "wynn/weapons/anim/fire_blade_flamelicks",
		"fireSwirl": "wynn/weapons/anim/fire_swirl",
		"particle": "wynn/weapons/anim/flame_medium"
	},
	"elements": [
		{
			"from": [14, 7, 8.25],
			"to": [14.75, 8, 9.25],
			"faces": {
				"north": {"uv": [10.25, 2.75, 10.75, 3.75], "texture": "#texture"},
				"east": {"uv": [7.5, 2.5, 8.5, 3.5], "texture": "#texture"},
				"south": {"uv": [10.25, 2.75, 10.75, 3.75], "texture": "#texture"},
				"west": {"uv": [7.5, 2.5, 8.5, 3.5], "texture": "#texture"},
				"up": {"uv": [7.5, 3.5, 8, 4.5], "texture": "#texture"},
				"down": {"uv": [7.5, 3.5, 8, 4.5], "texture": "#texture"}
			}
		},
		{
			"from": [14, 6.75, 8],
			"to": [14.5, 8.25, 9.5],
			"faces": {
				"north": {"uv": [5, 9.75, 7, 11.75], "texture": "#texture"},
				"east": {"uv": [7, 9.75, 8.75, 11.75], "texture": "#texture"},
				"south": {"uv": [5, 9.75, 7, 11.75], "texture": "#texture"},
				"west": {"uv": [7, 9.75, 8.75, 11.75], "texture": "#texture"},
				"up": {"uv": [2.75, 9.5, 5.25, 12], "texture": "#texture"},
				"down": {"uv": [2.75, 9.5, 5.25, 12], "texture": "#texture"}
			}
		},
		{
			"from": [13.4375, 7.9375, 8],
			"to": [13.9375, 9.4375, 9.5],
			"rotation": {"angle": 22.5, "axis": "z", "origin": [13.4375, 9.4375, 8]},
			"faces": {
				"north": {"uv": [5, 9.75, 7, 11.75], "texture": "#texture"},
				"east": {"uv": [7, 9.75, 8.75, 11.75], "texture": "#texture"},
				"south": {"uv": [5, 9.75, 7, 11.75], "texture": "#texture"},
				"west": {"uv": [7, 9.75, 8.75, 11.75], "texture": "#texture"},
				"up": {"uv": [2.75, 9.5, 5.25, 12], "texture": "#texture"},
				"down": {"uv": [2.75, 9.5, 5.25, 12], "texture": "#texture"}
			}
		},
		{
			"from": [14.0125, 5.4375, 8],
			"to": [14.5125, 6.9375, 9.5],
			"rotation": {"angle": -22.5, "axis": "z", "origin": [14.0125, 6.9375, 8]},
			"faces": {
				"north": {"uv": [5, 9.75, 7, 11.75], "texture": "#texture"},
				"east": {"uv": [7, 9.75, 8.75, 11.75], "texture": "#texture"},
				"south": {"uv": [5, 9.75, 7, 11.75], "texture": "#texture"},
				"west": {"uv": [7, 9.75, 8.75, 11.75], "texture": "#texture"},
				"up": {"uv": [2.75, 9.5, 5.25, 12], "texture": "#texture"},
				"down": {"uv": [2.75, 9.5, 5.25, 12], "texture": "#texture"}
			}
		},
		{
			"from": [13.3125, 6.75, 7],
			"to": [14.8125, 8.25, 7.5],
			"rotation": {"angle": -45, "axis": "y", "origin": [13.3125, 6.75, 7]},
			"faces": {
				"north": {"uv": [5, 9.75, 7, 11.75], "texture": "#texture"},
				"east": {"uv": [7, 9.75, 8.75, 11.75], "texture": "#texture"},
				"south": {"uv": [5, 9.75, 7, 11.75], "texture": "#texture"},
				"west": {"uv": [7, 9.75, 8.75, 11.75], "texture": "#texture"},
				"up": {"uv": [2.75, 9.5, 5.25, 12], "texture": "#texture"},
				"down": {"uv": [2.75, 9.5, 5.25, 12], "texture": "#texture"}
			}
		},
		{
			"from": [12.9375, 6.75, 10.25],
			"to": [14.4375, 8.25, 10.75],
			"rotation": {"angle": 45, "axis": "y", "origin": [12.9375, 6.75, 10.25]},
			"faces": {
				"north": {"uv": [5, 9.75, 7, 11.75], "texture": "#texture"},
				"east": {"uv": [7, 9.75, 8.75, 11.75], "texture": "#texture"},
				"south": {"uv": [5, 9.75, 7, 11.75], "texture": "#texture"},
				"west": {"uv": [7, 9.75, 8.75, 11.75], "texture": "#texture"},
				"up": {"uv": [2.75, 9.5, 5.25, 12], "texture": "#texture"},
				"down": {"uv": [2.75, 9.5, 5.25, 12], "texture": "#texture"}
			}
		},
		{
			"from": [14.75, 7.25, 8.5],
			"to": [18, 7.75, 9],
			"faces": {
				"north": {"uv": [12.25, 4.75, 14.25, 6.75], "texture": "#texture"},
				"east": {"uv": [0.25, 2.5, 2, 4.5], "texture": "#texture"},
				"south": {"uv": [12.25, 4.75, 14.25, 6.75], "texture": "#texture"},
				"west": {"uv": [0.25, 2.5, 2, 4.5], "texture": "#texture"},
				"up": {"uv": [13.25, 3.25, 15.75, 5.75], "texture": "#texture"},
				"down": {"uv": [13.25, 3.25, 15.75, 5.75], "texture": "#texture"}
			}
		},
		{
			"from": [18, 7, 8.25],
			"to": [19, 8, 9.25],
			"faces": {
				"north": {"uv": [10.25, 2.75, 10.75, 3.75], "texture": "#texture"},
				"east": {"uv": [7.5, 2.5, 8.5, 3.5], "texture": "#texture"},
				"south": {"uv": [10.25, 2.75, 10.75, 3.75], "texture": "#texture"},
				"west": {"uv": [7.5, 2.5, 8.5, 3.5], "texture": "#texture"},
				"up": {"uv": [7.5, 3.5, 8, 4.5], "texture": "#texture"},
				"down": {"uv": [7.5, 3.5, 8, 4.5], "texture": "#texture"}
			}
		},
		{
			"from": [18.25, 7.5, 8],
			"to": [19.25, 8.5, 9],
			"faces": {
				"north": {"uv": [5, 9.75, 7, 11.75], "texture": "#texture"},
				"east": {"uv": [7, 9.75, 8.75, 11.75], "texture": "#texture"},
				"south": {"uv": [5, 9.75, 7, 11.75], "texture": "#texture"},
				"west": {"uv": [7, 9.75, 8.75, 11.75], "texture": "#texture"},
				"up": {"uv": [2.75, 9.5, 5.25, 12], "texture": "#texture"},
				"down": {"uv": [2.75, 9.5, 5.25, 12], "texture": "#texture"}
			}
		},
		{
			"from": [18.75, 6.25, 8.5],
			"to": [19.75, 7.25, 9.5],
			"faces": {
				"north": {"uv": [5, 9.75, 7, 11.75], "texture": "#texture"},
				"east": {"uv": [7, 9.75, 8.75, 11.75], "texture": "#texture"},
				"south": {"uv": [5, 9.75, 7, 11.75], "texture": "#texture"},
				"west": {"uv": [7, 9.75, 8.75, 11.75], "texture": "#texture"},
				"up": {"uv": [2.75, 9.5, 5.25, 12], "texture": "#texture"},
				"down": {"uv": [2.75, 9.5, 5.25, 12], "texture": "#texture"}
			}
		},
		{
			"from": [19, 7.75, 7.75],
			"to": [20, 8.75, 8.75],
			"faces": {
				"north": {"uv": [5, 9.75, 7, 11.75], "texture": "#texture"},
				"east": {"uv": [7, 9.75, 8.75, 11.75], "texture": "#texture"},
				"south": {"uv": [5, 9.75, 7, 11.75], "texture": "#texture"},
				"west": {"uv": [7, 9.75, 8.75, 11.75], "texture": "#texture"},
				"up": {"uv": [2.75, 9.5, 5.25, 12], "texture": "#texture"},
				"down": {"uv": [2.75, 9.5, 5.25, 12], "texture": "#texture"}
			}
		},
		{
			"from": [19.25, 7, 7.75],
			"to": [20.25, 8, 8.75],
			"faces": {
				"north": {"uv": [5, 9.75, 7, 11.75], "texture": "#texture"},
				"east": {"uv": [7, 9.75, 8.75, 11.75], "texture": "#texture"},
				"south": {"uv": [5, 9.75, 7, 11.75], "texture": "#texture"},
				"west": {"uv": [7, 9.75, 8.75, 11.75], "texture": "#texture"},
				"up": {"uv": [2.75, 9.5, 5.25, 12], "texture": "#texture"},
				"down": {"uv": [2.75, 9.5, 5.25, 12], "texture": "#texture"}
			}
		},
		{
			"from": [0, 7.5, 8.625],
			"to": [14.25, 15, 8.6875],
			"faces": {
				"north": {"uv": [0, 0, 16, 16], "rotation": 90, "texture": "#fire_bladeFlamelicks_HO"},
				"south": {"uv": [0, 16, 16, 0], "rotation": 90, "texture": "#fire_bladeFlamelicks_HO"}
			}
		},
		{
			"from": [3.5, 4, 8.375],
			"to": [14.25, 11, 8.9375],
			"rotation": {"angle": 0, "axis": "y", "origin": [8, 3.5, 8]},
			"faces": {
				"north": {"uv": [0, 0, 16, 16], "rotation": 90, "texture": "#3"},
				"south": {"uv": [0, 16, 16, 0], "rotation": 90, "texture": "#3"}
			}
		},
		{
			"from": [0, 0, 8.625],
			"to": [14.25, 7.5, 8.6875],
			"faces": {
				"north": {"uv": [16, 0, 0, 16], "rotation": 90, "texture": "#fire_bladeFlamelicks_HO"},
				"south": {"uv": [16, 16, 0, 0], "rotation": 90, "texture": "#fire_bladeFlamelicks_HO"}
			}
		},
		{
			"from": [19, 7, 8.25],
			"to": [20, 8, 9.25],
			"faces": {
				"north": {"uv": [5, 9.75, 7, 11.75], "texture": "#texture"},
				"east": {"uv": [7, 9.75, 8.75, 11.75], "texture": "#texture"},
				"south": {"uv": [5, 9.75, 7, 11.75], "texture": "#texture"},
				"west": {"uv": [7, 9.75, 8.75, 11.75], "texture": "#texture"},
				"up": {"uv": [2.75, 9.5, 5.25, 12], "texture": "#texture"},
				"down": {"uv": [2.75, 9.5, 5.25, 12], "texture": "#texture"}
			}
		},
		{
			"from": [18.5, 6.75, 7.5],
			"to": [19.5, 7.75, 8.5],
			"faces": {
				"north": {"uv": [5, 9.75, 7, 11.75], "texture": "#texture"},
				"east": {"uv": [7, 9.75, 8.75, 11.75], "texture": "#texture"},
				"south": {"uv": [5, 9.75, 7, 11.75], "texture": "#texture"},
				"west": {"uv": [7, 9.75, 8.75, 11.75], "texture": "#texture"},
				"up": {"uv": [2.75, 9.5, 5.25, 12], "texture": "#texture"},
				"down": {"uv": [2.75, 9.5, 5.25, 12], "texture": "#texture"}
			}
		},
		{
			"from": [18.25, 6.5, 8.5],
			"to": [19.25, 7.5, 9],
			"faces": {
				"north": {"uv": [5, 9.75, 7, 11.75], "texture": "#texture"},
				"east": {"uv": [7, 9.75, 8.75, 11.75], "texture": "#texture"},
				"south": {"uv": [5, 9.75, 7, 11.75], "texture": "#texture"},
				"west": {"uv": [7, 9.75, 8.75, 11.75], "texture": "#texture"},
				"up": {"uv": [2.75, 9.5, 5.25, 12], "texture": "#texture"},
				"down": {"uv": [2.75, 9.5, 5.25, 12], "texture": "#texture"}
			}
		},
		{
			"from": [16.75, 5, 7.1875],
			"to": [16.8125, 10, 12.1875],
			"rotation": {"angle": 45, "axis": "y", "origin": [16.75, 3.5, 6.1875]},
			"faces": {
				"east": {"uv": [16, 0, 0, 16], "texture": "#fireSwirl"},
				"west": {"uv": [0, 0, 16, 16], "texture": "#fireSwirl"}
			}
		},
		{
			"from": [21.75, 5, 7.25],
			"to": [21.8125, 10, 12.25],
			"rotation": {"angle": -45, "axis": "y", "origin": [21.75, 3.5, 6.25]},
			"faces": {
				"east": {"uv": [16, 16, 0, 0], "texture": "#fireSwirl"},
				"west": {"uv": [0, 16, 16, 0], "texture": "#fireSwirl"}
			}
		},
		{
			"from": [15.75, 7, 8.25],
			"to": [16.25, 8, 9.25],
			"faces": {
				"north": {"uv": [10.25, 2.75, 10.75, 3.75], "texture": "#texture"},
				"east": {"uv": [7.5, 2.5, 8.5, 3.5], "texture": "#texture"},
				"south": {"uv": [10.25, 2.75, 10.75, 3.75], "texture": "#texture"},
				"west": {"uv": [7.5, 2.5, 8.5, 3.5], "texture": "#texture"},
				"up": {"uv": [7.5, 3.5, 8, 4.5], "texture": "#texture"},
				"down": {"uv": [7.5, 3.5, 8, 4.5], "texture": "#texture"}
			}
		},
		{
			"from": [18.5, 7.25, 8.75],
			"to": [19.5, 8.25, 9.75],
			"faces": {
				"north": {"uv": [5, 9.75, 7, 11.75], "texture": "#texture"},
				"east": {"uv": [7, 9.75, 8.75, 11.75], "texture": "#texture"},
				"south": {"uv": [5, 9.75, 7, 11.75], "texture": "#texture"},
				"west": {"uv": [7, 9.75, 8.75, 11.75], "texture": "#texture"},
				"up": {"uv": [2.75, 9.5, 5.25, 12], "texture": "#texture"},
				"down": {"uv": [2.75, 9.5, 5.25, 12], "texture": "#texture"}
			}
		},
		{
			"from": [16.5, 7, 8.25],
			"to": [17, 8, 9.25],
			"faces": {
				"north": {"uv": [10.25, 2.75, 10.75, 3.75], "texture": "#texture"},
				"east": {"uv": [7.5, 2.5, 8.5, 3.5], "texture": "#texture"},
				"south": {"uv": [10.25, 2.75, 10.75, 3.75], "texture": "#texture"},
				"west": {"uv": [7.5, 2.5, 8.5, 3.5], "texture": "#texture"},
				"up": {"uv": [7.5, 3.5, 8, 4.5], "texture": "#texture"},
				"down": {"uv": [7.5, 3.5, 8, 4.5], "texture": "#texture"}
			}
		},
		{
			"from": [15, 7, 8.25],
			"to": [15.5, 8, 9.25],
			"faces": {
				"north": {"uv": [10.25, 2.75, 10.75, 3.75], "texture": "#texture"},
				"east": {"uv": [7.5, 2.5, 8.5, 3.5], "texture": "#texture"},
				"south": {"uv": [10.25, 2.75, 10.75, 3.75], "texture": "#texture"},
				"west": {"uv": [7.5, 2.5, 8.5, 3.5], "texture": "#texture"},
				"up": {"uv": [7.5, 3.5, 8, 4.5], "texture": "#texture"},
				"down": {"uv": [7.5, 3.5, 8, 4.5], "texture": "#texture"}
			}
		},
		{
			"from": [17.25, 7, 8.25],
			"to": [17.75, 8, 9.25],
			"faces": {
				"north": {"uv": [10.25, 2.75, 10.75, 3.75], "texture": "#texture"},
				"east": {"uv": [7.5, 2.5, 8.5, 3.5], "texture": "#texture"},
				"south": {"uv": [10.25, 2.75, 10.75, 3.75], "texture": "#texture"},
				"west": {"uv": [7.5, 2.5, 8.5, 3.5], "texture": "#texture"},
				"up": {"uv": [7.5, 3.5, 8, 4.5], "texture": "#texture"},
				"down": {"uv": [7.5, 3.5, 8, 4.5], "texture": "#texture"}
			}
		},
		{
			"from": [1.25, 7.5, 9.125],
			"to": [14.25, 13, 9.1875],
			"rotation": {"angle": 0, "axis": "y", "origin": [8, 8, 8.25]},
			"faces": {
				"north": {"uv": [0, 0, 16, 16], "rotation": 90, "texture": "#fire_bladeFlamelicks_HO"},
				"south": {"uv": [0, 16, 16, 0], "rotation": 90, "texture": "#fire_bladeFlamelicks_HO"}
			}
		},
		{
			"from": [1.25, 2, 9.125],
			"to": [14.25, 7.5, 9.1875],
			"rotation": {"angle": 0, "axis": "y", "origin": [8, 8, 8.25]},
			"faces": {
				"north": {"uv": [16, 0, 0, 16], "rotation": 90, "texture": "#fire_bladeFlamelicks_HO"},
				"south": {"uv": [16, 16, 0, 0], "rotation": 90, "texture": "#fire_bladeFlamelicks_HO"}
			}
		},
		{
			"from": [1.25, 7.5, 8.125],
			"to": [14.25, 13, 8.1875],
			"rotation": {"angle": 0, "axis": "y", "origin": [8, 8, 7.75]},
			"faces": {
				"north": {"uv": [0, 0, 16, 16], "rotation": 90, "texture": "#fire_bladeFlamelicks_HO"},
				"south": {"uv": [0, 16, 16, 0], "rotation": 90, "texture": "#fire_bladeFlamelicks_HO"}
			}
		},
		{
			"from": [1.25, 2, 8.125],
			"to": [14.25, 7.5, 8.1875],
			"rotation": {"angle": 0, "axis": "y", "origin": [8, 8, 7.75]},
			"faces": {
				"north": {"uv": [16, 0, 0, 16], "rotation": 90, "texture": "#fire_bladeFlamelicks_HO"},
				"south": {"uv": [16, 16, 0, 0], "rotation": 90, "texture": "#fire_bladeFlamelicks_HO"}
			}
		},
		{
			"from": [12.375, 7, 11],
			"to": [13.375, 8, 11.25],
			"rotation": {"angle": 45, "axis": "y", "origin": [12.375, 7, 11]},
			"faces": {
				"north": {"uv": [5, 9.75, 7, 11.75], "texture": "#texture"},
				"east": {"uv": [7, 9.75, 8.75, 11.75], "texture": "#texture"},
				"south": {"uv": [5, 9.75, 7, 11.75], "texture": "#texture"},
				"west": {"uv": [7, 9.75, 8.75, 11.75], "texture": "#texture"},
				"up": {"uv": [2.75, 9.5, 5.25, 12], "texture": "#texture"},
				"down": {"uv": [2.75, 9.5, 5.25, 12], "texture": "#texture"}
			}
		},
		{
			"from": [13.25, 8.75, 8.25],
			"to": [13.5, 10.25, 9.25],
			"rotation": {"angle": 22.5, "axis": "z", "origin": [13.25, 10.25, 8.25]},
			"faces": {
				"north": {"uv": [5, 9.75, 7, 11.75], "texture": "#texture"},
				"east": {"uv": [7, 9.75, 8.75, 11.75], "texture": "#texture"},
				"south": {"uv": [5, 9.75, 7, 11.75], "texture": "#texture"},
				"west": {"uv": [7, 9.75, 8.75, 11.75], "texture": "#texture"},
				"up": {"uv": [2.75, 9.5, 5.25, 12], "texture": "#texture"},
				"down": {"uv": [2.75, 9.5, 5.25, 12], "texture": "#texture"}
			}
		},
		{
			"from": [13.75, 4.5, 8.25],
			"to": [14, 6, 9.25],
			"rotation": {"angle": -22.5, "axis": "z", "origin": [13.75, 6, 8.25]},
			"faces": {
				"north": {"uv": [5, 9.75, 7, 11.75], "texture": "#texture"},
				"east": {"uv": [7, 9.75, 8.75, 11.75], "texture": "#texture"},
				"south": {"uv": [5, 9.75, 7, 11.75], "texture": "#texture"},
				"west": {"uv": [7, 9.75, 8.75, 11.75], "texture": "#texture"},
				"up": {"uv": [2.75, 9.5, 5.25, 12], "texture": "#texture"},
				"down": {"uv": [2.75, 9.5, 5.25, 12], "texture": "#texture"}
			}
		},
		{
			"from": [13.75, 4.5, 8.25],
			"to": [14, 6, 9.25],
			"rotation": {"angle": -22.5, "axis": "z", "origin": [13.75, 6, 8.25]},
			"faces": {
				"north": {"uv": [5, 9.75, 7, 11.75], "texture": "#texture"},
				"east": {"uv": [7, 9.75, 8.75, 11.75], "texture": "#texture"},
				"south": {"uv": [5, 9.75, 7, 11.75], "texture": "#texture"},
				"west": {"uv": [7, 9.75, 8.75, 11.75], "texture": "#texture"},
				"up": {"uv": [2.75, 9.5, 5.25, 12], "texture": "#texture"},
				"down": {"uv": [2.75, 9.5, 5.25, 12], "texture": "#texture"}
			}
		},
		{
			"from": [12.625, 7, 6.5],
			"to": [13.625, 8, 6.75],
			"rotation": {"angle": -45, "axis": "y", "origin": [12.625, 7, 6.5]},
			"faces": {
				"north": {"uv": [5, 9.75, 7, 11.75], "texture": "#texture"},
				"east": {"uv": [7, 9.75, 8.75, 11.75], "texture": "#texture"},
				"south": {"uv": [5, 9.75, 7, 11.75], "texture": "#texture"},
				"west": {"uv": [7, 9.75, 8.75, 11.75], "texture": "#texture"},
				"up": {"uv": [2.75, 9.5, 5.25, 12], "texture": "#texture"},
				"down": {"uv": [2.75, 9.5, 5.25, 12], "texture": "#texture"}
			}
		}
	],
	"display": {
		"thirdperson_righthand": {
			"rotation": [-90, 90, 0],
			"translation": [-1, 9, 1],
			"scale": [1.32, 1.32, 1.32]
		},
		"thirdperson_lefthand": {
			"rotation": [90, 90, 0],
			"translation": [-1, 9, 2],
			"scale": [1.32, 1.32, 1.32]
		},
		"firstperson_righthand": {
			"rotation": [0, -90, -45],
			"translation": [-1.5, 7, 0],
			"scale": [0.8, 0.8, 0.8]
		},
		"firstperson_lefthand": {
			"rotation": [0, 90, 45],
			"translation": [-1.5, 7, 0],
			"scale": [0.8, 0.8, 0.8]
		},
		"ground": {
			"rotation": [45, -45, 0],
			"translation": [0, 5, 0],
			"scale": [0.6, 0.6, 0.6]
		},
		"gui": {
			"rotation": [-20, -160, -60],
			"translation": [1, 3.25, 0],
			"scale": [1.2, 1.2, 1.2]
		},
		"fixed": {
			"rotation": [0, 0, -90],
			"translation": [0.5, 3, -2]
		}
	}
}